,Title,Rating,Total Rating,Total Reviews,Current Price,Original Price
0,"vivo T2x 5G (Glimmer Black, 128 GB)",4.5,"15,905 Ratings ", 735 Reviews,"₹13,999","₹18,999"
1,"vivo T2x 5G (Glimmer Black, 128 GB)",4.4,"2,632 Ratings ", 119 Reviews,"₹15,999","₹20,999"
2,"vivo T2x 5G (Aurora Gold, 128 GB)",4.5,"15,905 Ratings ", 735 Reviews,"₹13,999","₹18,999"
3,"vivo T2x 5G (Marine Blue, 128 GB)",4.4,"2,632 Ratings ", 119 Reviews,"₹15,999","₹20,999"
4,"vivo T2x 5G (Marine Blue, 128 GB)",4.6,"9,086 Ratings ", 386 Reviews,"₹12,999","₹17,999"
5,"vivo T2x 5G (Aurora Gold, 128 GB)",4.6,"9,086 Ratings ", 386 Reviews,"₹12,999","₹17,999"
6,"APPLE iPhone 13 (Starlight, 128 GB)",4.7,"2,15,507 Ratings "," 11,317 Reviews","₹61,999","₹69,900"
7,"vivo T2x 5G (Glimmer Black, 128 GB)",4.6,"9,086 Ratings ", 386 Reviews,"₹12,999","₹17,999"
8,"POCO M4 5G (Yellow, 64 GB)",4.2,"70,983 Ratings "," 5,055 Reviews","₹11,999","₹15,999"
9,"APPLE iPhone 14 (Starlight, 128 GB)",4.6,"32,503 Ratings "," 1,262 Reviews","₹71,999","₹79,900"
10,"MOTOROLA G62 5G (Midnight Gray, 128 GB)",4.2,"27,592 Ratings "," 2,553 Reviews","₹15,499","₹21,999"
11,"vivo T2 5G (Nitro Blaze, 128 GB)",4.5,"11,769 Ratings ", 587 Reviews,"₹18,999","₹23,999"
12,"vivo T2 5G (Velocity Wave, 128 GB)",4.5,"11,769 Ratings ", 587 Reviews,"₹18,999","₹23,999"
13,"vivo T2 5G (Nitro Blaze, 128 GB)",4.5,"1,951 Ratings ", 119 Reviews,"₹20,999","₹24,999"
14,"POCO X5 5G (Wildcat Blue, 128 GB)",4.2,"3,210 Ratings ", 243 Reviews,"₹15,999","₹20,999"
15,"Infinix HOT 20 5G (Space Blue, 64 GB)",4.2,"8,197 Ratings ", 659 Reviews,"₹11,499","₹17,999"
16,"Infinix HOT 20 5G (Blaster Green, 64 GB)",4.2,"8,197 Ratings ", 659 Reviews,"₹11,499","₹17,999"
17,"APPLE iPhone 13 (Midnight, 128 GB)",4.7,"2,15,507 Ratings "," 11,317 Reviews","₹61,999","₹69,900"
18,"POCO M4 Pro 5G (Yellow, 128 GB)",4.2,"19,831 Ratings "," 1,548 Reviews","₹15,999","₹21,999"
19,"vivo T2 5G (Velocity Wave, 128 GB)",4.5,"1,951 Ratings ", 119 Reviews,"₹20,999","₹24,999"
20,"POCO M4 5G (Yellow, 128 GB)",4.2,"37,493 Ratings "," 2,747 Reviews","₹13,999","₹18,999"
21,"MOTOROLA g73 5G (Midnight Blue, 128 GB)",3.9,"8,660 Ratings "," 1,252 Reviews","₹16,999","₹21,999"
22,"OnePlus Nord CE 2 Lite 5G (Blue Tide, 128 GB)",4.4,"61,984 Ratings "," 4,495 Reviews","₹18,854","₹19,999"
23,"SAMSUNG Galaxy F23 5G (Aqua Blue, 128 GB)",4.3,"1,85,958 Ratings "," 14,425 Reviews","₹15,499","₹23,999"
24,"MOTOROLA G62 5G (Midnight Gray, 128 GB)",4.1,"12,121 Ratings "," 1,097 Reviews","₹16,499","₹24,999"
25,"SAMSUNG Galaxy F14 5G (OMG Black, 128 GB)",4.3,"7,263 Ratings ", 534 Reviews,"₹15,490","₹18,490"
26,"MOTOROLA G62 5G (Frosted Blue, 128 GB)",4.1,"12,121 Ratings "," 1,097 Reviews","₹16,499","₹24,999"
27,"Infinix HOT 20 5G (Racing Black, 64 GB)",4.2,"8,197 Ratings ", 659 Reviews,"₹11,499","₹17,999"
28,"SAMSUNG Galaxy F14 5G (B.A.E. Purple, 128 GB)",4.3,"7,263 Ratings ", 534 Reviews,"₹15,490","₹18,490"
29,"POCO X5 5G (Jaguar Black, 256 GB)",4.1,"1,592 Ratings ", 108 Reviews,"₹17,999","₹23,999"
30,"realme 10 Pro 5G (Nebula Blue, 128 GB)",4.4,"18,711 Ratings "," 1,389 Reviews","₹18,999","₹20,999"
31,"realme 10 Pro 5G (Nebula Blue, 128 GB)",4.4,"12,967 Ratings ", 923 Reviews,"₹19,999","₹22,999"
32,"POCO X5 5G (Supernova Green, 128 GB)",4.2,"3,210 Ratings ", 243 Reviews,"₹15,999","₹20,999"
33,"MOTOROLA G62 5G (Frosted Blue, 128 GB)",4.2,"27,592 Ratings "," 2,553 Reviews","₹15,499","₹21,999"
34,"realme 10 Pro 5G (Dark Matter, 128 GB)",4.4,"12,967 Ratings ", 923 Reviews,"₹19,999","₹22,999"
35,"realme 10 Pro 5G (Hyperspace, 128 GB)",4.4,"18,711 Ratings "," 1,389 Reviews","₹18,999","₹20,999"
36,"realme 10 Pro 5G (Dark Matter, 128 GB)",4.4,"18,711 Ratings "," 1,389 Reviews","₹18,999","₹20,999"
37,"SAMSUNG Galaxy F14 5G (GOAT Green, 128 GB)",4.3,"7,263 Ratings ", 534 Reviews,"₹15,490","₹18,490"
38,"POCO M4 5G (Cool Blue, 128 GB)",4.2,"37,493 Ratings "," 2,747 Reviews","₹14,999","₹18,999"
39,"POCO X5 5G (Jaguar Black, 128 GB)",4.2,"3,210 Ratings ", 243 Reviews,"₹15,999","₹20,999"
40,"Google Pixel 6a (Chalk, 128 GB)",4.3,"40,794 Ratings "," 4,931 Reviews","₹28,999","₹43,999"
41,"POCO M4 5G (Power Black, 64 GB)",4.2,"70,983 Ratings "," 5,055 Reviews","₹12,999","₹15,999"
42,"MOTOROLA g73 5G (Lucent White, 128 GB)",3.9,"8,660 Ratings "," 1,252 Reviews","₹16,999","₹21,999"
43,"SAMSUNG Galaxy F23 5G (Copper Blush, 128 GB)",4.3,"1,85,958 Ratings "," 14,425 Reviews","₹15,499","₹23,999"
44,"POCO X5 Pro 5G (Horizon Blue, 256 GB)",4.3,"5,943 Ratings ", 634 Reviews,"₹24,999","₹28,999"
45,"SAMSUNG Galaxy F23 5G (Forest Green, 128 GB)",4.3,"1,85,958 Ratings "," 14,425 Reviews","₹15,499","₹23,999"
46,"Google Pixel 6a (Charcoal, 128 GB)",4.3,"40,794 Ratings "," 4,931 Reviews","₹28,999","₹43,999"
47,"realme 10 Pro 5G (Hyperspace, 128 GB)",4.4,"12,967 Ratings ", 923 Reviews,"₹19,999","₹22,999"
48,"realme 10 Pro 5G (Hyperspace, 128 GB)",4.4,"12,967 Ratings ", 923 Reviews,"₹19,999","₹22,999"
49,"REDMI Note 12 Pro 5G (Glacier Blue, 128 GB)",4.3,"19,425 Ratings "," 1,956 Reviews","₹24,999","₹27,999"
50,"REDMI Note 12 Pro 5G (Stardust Purple, 128 GB)",4.3,"19,425 Ratings "," 1,956 Reviews","₹24,999","₹27,999"
51,"POCO X5 Pro 5G (Yellow, 256 GB)",4.3,"5,943 Ratings ", 634 Reviews,"₹24,999","₹28,999"
52,"realme 10 Pro+ 5G (Hyperspace, 128 GB)",4.5,"12,143 Ratings "," 1,141 Reviews","₹24,999","₹27,999"
53,"realme 10 Pro+ 5G (Dark Matter, 128 GB)",4.5,"12,143 Ratings "," 1,141 Reviews","₹24,999","₹27,999"
54,"realme 10 Pro+ 5G (Nebula Blue, 128 GB)",4.5,"12,143 Ratings "," 1,141 Reviews","₹24,999","₹27,999"
55,"realme 10 Pro+ 5G (Dark Matter, 128 GB)",4.4,"21,098 Ratings "," 1,901 Reviews","₹23,999","₹25,999"
56,"realme 10 Pro+ 5G (Nebula Blue, 128 GB)",4.4,"21,098 Ratings "," 1,901 Reviews","₹23,999","₹25,999"
57,"realme 10 Pro+ 5G (Hyperspace, 128 GB)",4.4,"21,098 Ratings "," 1,901 Reviews","₹23,999","₹25,999"
58,"vivo V27 5G (Magic Blue, 128 GB)",4.4,"9,430 Ratings "," 1,239 Reviews","₹32,999","₹36,999"
59,"vivo V27 5G (Noble Black, 128 GB)",4.4,"9,430 Ratings "," 1,239 Reviews","₹32,999","₹36,999"
60,"Infinix Note 12 Pro 5G (Snowfall, 128 GB)",4.1,"24,863 Ratings "," 2,928 Reviews","₹15,999","₹24,999"
61,"POCO M4 5G (Cool Blue, 64 GB)",4.2,"70,983 Ratings "," 5,055 Reviews","₹12,999","₹15,999"
62,"REDMI Note 12 Pro+ 5G (Obsidian Black, 256 GB)",4.3,"9,520 Ratings "," 1,051 Reviews","₹29,999","₹33,999"
63,"POCO X5 5G (Supernova Green, 256 GB)",4.1,"1,592 Ratings ", 108 Reviews,"₹17,999","₹23,999"
64,"REDMI Note 12 Pro 5G (Glacier Blue, 256 GB)",4.2,"8,180 Ratings ", 812 Reviews,"₹27,999","₹31,999"
65,"Infinix Zero 5G 2023 (Submariner Black, 128 GB)",4.1,"2,147 Ratings ", 237 Reviews,"₹15,999","₹24,999"
66,"Infinix Note 12 Pro 5G (Force Black, 128 GB)",4.1,"24,863 Ratings "," 2,928 Reviews","₹15,999","₹24,999"
67,"POCO M4 5G (Power Black, 128 GB)",4.2,"37,493 Ratings "," 2,747 Reviews","₹14,999","₹18,999"
68,"OnePlus Nord 2T 5G (Jade Fog, 128 GB)",4.4,"7,381 Ratings ", 643 Reviews,"₹28,184","₹28,999"
69,"REDMI 11 Prime 5G (Meadow Green, 64 GB)",4.2,"2,260 Ratings ", 139 Reviews,"₹14,698","₹15,999"
70,"REDMI 11 Prime 5G (Chrome Silver, 64 GB)",4.2,"2,260 Ratings ", 139 Reviews,"₹12,934","₹15,999"
71,"POCO X4 Pro 5G (Yellow, 128 GB)",4.2,"83,244 Ratings "," 8,209 Reviews","₹17,499","₹23,999"
72,"Infinix Zero 5G 2023 (Pearly White, 128 GB)",4.1,"2,147 Ratings ", 237 Reviews,"₹15,999","₹24,999"
73,"Infinix Zero 5G 2023 (Coral Orange, 128 GB)",4.1,"2,147 Ratings ", 237 Reviews,"₹15,999","₹24,999"
74,"REDMI Note 12 Pro 5G (Stardust Purple, 256 GB)",4.2,"8,180 Ratings ", 812 Reviews,"₹27,999","₹31,999"
75,"OnePlus 11R 5G (Sonic Black, 256 GB)",4.6,"1,196 Ratings ", 99 Reviews,"₹44,700","₹44,999"
76,"POCO X5 Pro 5G (Horizon Blue, 128 GB)",4.4,"6,191 Ratings ", 717 Reviews,"₹22,999","₹25,999"
77,"SAMSUNG Galaxy F14 5G (OMG Black, 128 GB)",4.2,"3,543 Ratings ", 277 Reviews,"₹14,490","₹17,490"
78,"realme 9i 5G (Soulful Blue, 128 GB)",4.3,"7,713 Ratings ", 531 Reviews,"₹16,999","₹19,999"
79,"realme 9i 5G (Rocking Black, 64 GB)",4.5,"46,346 Ratings "," 2,256 Reviews","₹14,999","₹17,999"
80,"realme 9 5G (Stargaze White, 128 GB)",4.4,"50,471 Ratings "," 3,229 Reviews","₹15,999","₹20,999"
81,"realme 9 5G (Supersonic Black, 64 GB)",4.5,"40,617 Ratings "," 2,294 Reviews","₹14,499","₹18,999"
82,"realme 9 5G (Meteor Black, 64 GB)",4.5,"40,617 Ratings "," 2,294 Reviews","₹14,499","₹18,999"
83,"POCO F5 5G (Electric Blue, 256 GB)",4.3,143 Ratings , 26 Reviews,"₹29,999","₹34,999"
84,"realme 9i 5G (Rocking Black, 128 GB)",4.3,"7,713 Ratings ", 531 Reviews,"₹16,999","₹19,999"
85,"realme 9i 5G (Soulful Blue, 64 GB)",4.5,"46,346 Ratings "," 2,256 Reviews","₹14,999","₹17,999"
86,"OnePlus 10R (Sierra Black, 128 GB)",4.3,"1,030 Ratings ", 62 Reviews,"₹31,980","₹38,999"
87,"realme GT Neo 3T (Dash Yellow, 128 GB)",4.3,"17,039 Ratings "," 1,850 Reviews","₹22,999","₹34,999"
88,"SAMSUNG Galaxy M33 5G (Deep Ocean Blue, 128 GB)",4.2,"2,030 Ratings ", 151 Reviews,"₹18,559","₹25,999"
89,"SAMSUNG Galaxy F14 5G (GOAT Green, 128 GB)",4.2,"3,543 Ratings ", 277 Reviews,"₹14,490","₹17,490"
90,"REDMI Note 12 Pro 5G (Onyx Black, 128 GB)",4.3,"19,425 Ratings "," 1,956 Reviews","₹24,999","₹27,999"
91,"realme 9i 5G (Metallica Gold, 128 GB)",4.3,"7,713 Ratings ", 531 Reviews,"₹16,999","₹19,999"
92,"realme 9i 5G (Metallica Gold, 64 GB)",4.5,"46,346 Ratings "," 2,256 Reviews","₹14,999","₹17,999"
93,"POCO X5 5G (Wildcat Blue, 256 GB)",4.1,"1,592 Ratings ", 108 Reviews,"₹17,999","₹23,999"
94,"OnePlus 11R 5G (Galactic Silver, 128 GB)",4.5,"1,488 Ratings ", 162 Reviews,"₹39,964","₹39,999"
95,"POCO X4 Pro 5G (Laser Blue, 64 GB)",4.2,"83,244 Ratings "," 8,209 Reviews","₹16,499","₹22,999"
96,"realme 9i 5G (Metallica Gold, 64 GB)",4.5,"46,346 Ratings "," 2,256 Reviews","₹14,999","₹17,999"
97,"POCO X5 5G (Wildcat Blue, 256 GB)",4.1,"1,592 Ratings ", 108 Reviews,"₹17,999","₹23,999"
98,"POCO X4 Pro 5G (Laser Blue, 64 GB)",4.2,"83,244 Ratings "," 8,209 Reviews","₹16,499","₹22,999"
99,"REDMI Note 12 Pro 5G (Onyx Black, 128 GB)",4.3,"19,425 Ratings "," 1,956 Reviews","₹24,999","₹27,999"
100,"SAMSUNG Galaxy F14 5G (B.A.E. Purple, 128 GB)",4.2,"3,543 Ratings ", 277 Reviews,"₹14,490","₹17,490"
101,"OnePlus 11R 5G (Galactic Silver, 128 GB)",4.5,"1,488 Ratings ", 162 Reviews,"₹39,964","₹39,999"
102,"REDMI Note 12 5G (Mystique Blue, 128 GB)",4.3,402 Ratings , 31 Reviews,"₹18,999","₹21,999"
103,"REDMI Note 12 5G (Matte Black, 128 GB)",4.3,402 Ratings , 31 Reviews,"₹18,999","₹21,999"
104,"REDMI Note 12 Pro 5G (Onyx Black, 256 GB)",4.2,"8,180 Ratings ", 812 Reviews,"₹27,999","₹31,999"
105,"SAMSUNG Galaxy M53 5G (Deep Ocean Blue, 128 GB)",3.9,265 Ratings , 30 Reviews,"₹24,898","₹34,999"
106,"REDMI Note 12 Pro+ 5G (Arctic White, 256 GB)",4.3,"9,520 Ratings "," 1,051 Reviews","₹29,999","₹33,999"
107,"REDMI Note 12 Pro+ 5G (Iceberg Blue, 256 GB)",4.3,"9,520 Ratings "," 1,051 Reviews","₹29,999","₹33,999"
108,"REDMI Note 12 5G (Frosted Green, 128 GB)",4.3,402 Ratings , 31 Reviews,"₹18,999","₹21,999"
109,"IQOO Z6 Lite 5G (With Charger) (Stellar Green, 128 GB)",4.3,313 Ratings , 19 Reviews,"₹16,799","₹19,999"
110,"REDMI 11 Prime 5G (Chrome Silver, 128 GB)",4.2,791 Ratings , 42 Reviews,"₹15,248","₹17,999"
111,"REDMI 11 Prime 5G (Meadow Green, 128 GB)",4.2,791 Ratings , 42 Reviews,"₹15,320","₹17,999"
112,"realme GT Neo 3T (Shade Black, 128 GB)",4.3,"17,039 Ratings "," 1,850 Reviews","₹22,999","₹34,999"
113,"realme GT Neo 3T (Drifting White, 256 GB)",4.3,"11,440 Ratings "," 1,165 Reviews","₹26,999","₹38,999"
114,"Infinix Hot 20 5G (Racing Black, 128 GB)",4.1,"4,191 Ratings ", 383 Reviews,"₹13,499","₹19,999"
115,"APPLE iPhone 14 (Blue, 128 GB)",4.6,"32,503 Ratings "," 1,262 Reviews","₹71,999","₹79,900"
116,"REDMI Note 12 5G (Mystique Blue, 128 GB)",4.1,281 Ratings , 20 Reviews,"₹16,999","₹19,999"
117,"REDMI Note 12 5G (Frosted Green, 128 GB)",4.1,281 Ratings , 20 Reviews,"₹16,999","₹19,999"
118,"REDMI Note 12 5G (Matte Black, 128 GB)",4.1,281 Ratings , 20 Reviews,"₹16,999","₹19,999"
119,"POCO X5 Pro 5G (Astral Black, 256 GB)",4.3,"5,943 Ratings ", 634 Reviews,"₹24,999","₹28,999"
120,"REDMI Note 12 5G (Matte Black, 128 GB)",4.1,281 Ratings , 20 Reviews,"₹16,999","₹19,999"
121,"POCO X5 Pro 5G (Astral Black, 256 GB)",4.3,"5,943 Ratings ", 634 Reviews,"₹24,999","₹28,999"
122,"POCO X5 Pro 5G (Yellow, 128 GB)",4.4,"6,191 Ratings ", 717 Reviews,"₹22,999","₹25,999"
123,"REDMI Note 12 5G (Frosted Green, 128 GB)",4.1,281 Ratings , 20 Reviews,"₹16,999","₹19,999"
124,"OPPO A78 5G (Glowing Blue, 128 GB)",4.4,580 Ratings , 27 Reviews,"₹18,099","₹21,999"
125,"realme GT Neo 3T (Dash Yellow, 256 GB)",4.3,"11,440 Ratings "," 1,165 Reviews","₹26,999","₹38,999"
126,"IQOO Z6 Lite 5G (Without Charger) (Stellar Green, 128 GB)",4.1,972 Ratings , 70 Reviews,"₹15,999","₹16,900"
127,"realme GT Neo 3T (Drifting White, 128 GB)",4.3,"17,039 Ratings "," 1,850 Reviews","₹22,999","₹34,999"
128,"vivo V23 5G (Stardust Black, 128 GB)",4.4,"26,185 Ratings "," 2,969 Reviews","₹26,890","₹34,990"
129,"POCO F5 5G (Snowstorm White, 256 GB)",,,,"₹33,999","₹39,999"
130,"SAMSUNG Galaxy A34 5G (Awesome Silver, 128 GB)",4.2,404 Ratings , 38 Reviews,"₹30,999","₹35,499"
131,"Infinix Zero 5G 2023 TURBO (Coral Orange, 256 GB)",4,"1,546 Ratings ", 208 Reviews,"₹17,999","₹24,999"
132,"Infinix Zero 5G 2023 TURBO (Pearly White, 256 GB)",4,"1,546 Ratings ", 208 Reviews,"₹17,999","₹24,999"
133,"Infinix Zero 5G 2023 TURBO (Submariner Black, 256 GB)",4,"1,546 Ratings ", 208 Reviews,"₹17,999","₹24,999"
134,"realme GT Neo 3T (Drifting White, 128 GB)",4.3,"11,440 Ratings "," 1,165 Reviews","₹24,999","₹36,999"
135,"POCO X4 Pro 5G (Yellow, 64 GB)",4.2,"83,244 Ratings "," 8,209 Reviews","₹16,499","₹22,999"
136,"MOTOROLA Edge 30 (Meteor Grey, 128 GB)",4.1,"5,683 Ratings ", 757 Reviews,"₹24,999","₹34,999"
137,"vivo V23 5G (Stardust Black, 256 GB)",4.3,"3,044 Ratings ", 330 Reviews,"₹34,990","₹37,990"
138,"realme GT Neo 3T (Dash Yellow, 128 GB)",4.3,"11,440 Ratings "," 1,165 Reviews","₹24,999","₹36,999"
139,"realme GT Neo 3T (Shade Black, 256 GB)",4.3,"11,440 Ratings "," 1,165 Reviews","₹26,999","₹38,999"
140,"POCO F5 5G (Carbon Black, 256 GB)",,,,"₹33,999","₹39,999"
141,"Xiaomi 11i Hypercharge 5G (Stealth Black, 128 GB)",4.2,"11,778 Ratings "," 1,188 Reviews","₹23,999","₹31,999"
142,"SAMSUNG Galaxy M33 5G (Emerald Brown, 128 GB)",4.2,"2,030 Ratings ", 151 Reviews,"₹18,129","₹25,999"
143,"POCO M3 Pro 5G (Yellow, 128 GB)",4.2,"54,237 Ratings "," 4,517 Reviews","₹14,499","₹17,999"
144,"REDMI Note 12 Pro+ 5G (Arctic White, 256 GB)",4.3,"3,565 Ratings ", 406 Reviews,"₹32,999","₹36,999"
145,"vivo V23 5G (Stardust Black, 256 GB)",4.3,"3,044 Ratings ", 330 Reviews,"₹34,990","₹37,990"
146,"Xiaomi 11i Hypercharge 5G (Stealth Black, 128 GB)",4.2,"11,778 Ratings "," 1,188 Reviews","₹23,999","₹31,999"
147,"SAMSUNG Galaxy F23 5G (Aqua Blue, 128 GB)",4.2,"41,724 Ratings "," 3,220 Reviews","₹14,499","₹22,999"
148,"SAMSUNG Galaxy S20 FE 5G (Cloud Lavender, 128 GB)",4.2,526 Ratings , 40 Reviews,"₹27,665","₹65,999"
149,"Infinix Note 12 5G (Snowfall, 64 GB)",4.2,"18,697 Ratings "," 1,996 Reviews","₹14,999","₹19,999"
150,"OnePlus 10R (Forest Green, 128 GB)",4.3,"1,030 Ratings ", 62 Reviews,"₹31,478","₹38,999"
151,"OnePlus 10R (Sierra Black, 128 GB)",4.3,"1,030 Ratings ", 62 Reviews,"₹31,490","₹38,999"
152,"POCO M3 Pro 5G (Yellow, 128 GB)",4.2,"54,237 Ratings "," 4,517 Reviews","₹14,499","₹17,999"
153,"OnePlus Nord 2T 5G (Jade Fog, 128 GB)",4.4,"7,381 Ratings ", 643 Reviews,"₹28,700","₹28,999"
154,"Google Pixel 7a (Snow, 128 GB)",4.2,359 Ratings , 79 Reviews,"₹43,999",
155,"SAMSUNG Galaxy A34 5G (Awesome Lime, 128 GB)",4.2,404 Ratings , 38 Reviews,"₹30,999","₹35,499"
156,"POCO X4 Pro 5G (Laser Black, 128 GB)",4.2,"20,886 Ratings "," 2,077 Reviews","₹19,499","₹25,999"
157,"REDMI K50i 5G (Stealth Black, 256 GB)",4.2,243 Ratings , 24 Reviews,"₹23,890","₹35,999"
158,"Google Pixel 7a (Sea, 128 GB)",4.2,359 Ratings , 79 Reviews,"₹43,999",
159,"Google Pixel 7a (Charcoal, 128 GB)",4.2,359 Ratings , 79 Reviews,"₹43,999",
160,"APPLE iPhone 14 (Midnight, 128 GB)",4.6,"32,503 Ratings "," 1,262 Reviews","₹71,999","₹79,900"
161,"REDMI Note 12 Pro 5G (Glacier Blue, 128 GB)",4.2,"8,180 Ratings ", 812 Reviews,"₹26,999","₹29,999"
162,"IQOO Neo 7 5G (Interstellar Black, 256 GB)",4.5,47 Ratings , 6 Reviews,"₹34,200","₹38,999"
163,"APPLE iPhone 14 ((PRODUCT)RED, 128 GB)",4.6,"32,503 Ratings "," 1,262 Reviews","₹69,999","₹79,900"
164,"OPPO Reno8T 5G (Midnight Black, 128 GB)",4.3,"8,184 Ratings ", 722 Reviews,"₹29,999","₹38,999"
165,"OPPO Reno8T 5G (Sunrise Gold, 128 GB)",4.3,"8,184 Ratings ", 722 Reviews,"₹29,999","₹38,999"
166,"OPPO A78 5G (Glowing Black, 128 GB)",4.4,580 Ratings , 27 Reviews,"₹18,297","₹21,999"
167,"SAMSUNG Galaxy M33 5G (Mystique Green, 128 GB)",4.2,"9,649 Ratings ", 738 Reviews,"₹17,489","₹24,999"
168,"POCO X4 Pro 5G (Laser Blue, 128 GB)",4.2,"20,886 Ratings "," 2,077 Reviews","₹19,499","₹25,999"
169,"Google Pixel 7 (Obsidian, 128 GB)",4.4,"3,978 Ratings ", 594 Reviews,"₹53,999","₹59,999"
170,"REDMI Note 12 Pro 5G (Onyx Black, 128 GB)",4.2,"8,180 Ratings ", 812 Reviews,"₹26,999","₹29,999"
171,"APPLE iPhone 14 (Yellow, 256 GB)",4.6,"32,503 Ratings "," 1,262 Reviews","₹81,999","₹89,900"
172,"Nothing Phone (1) (Black, 128 GB)",4.4,"65,436 Ratings "," 8,223 Reviews","₹29,999","₹37,999"
173,"SAMSUNG Galaxy A14 5G (Light Green, 128 GB)",4,"1,109 Ratings ", 93 Reviews,"₹18,999","₹20,999"
174,"SAMSUNG Galaxy M53 5G (Emerald Brown, 128 GB)",3.9,265 Ratings , 30 Reviews,"₹24,263","₹34,999"
175,"SAMSUNG Galaxy A14 5G (Dark Red, 128 GB)",4.1,690 Ratings , 68 Reviews,"₹20,999","₹22,999"
176,"vivo V23 5G (Sunshine Gold, 128 GB)",4.4,"26,185 Ratings "," 2,969 Reviews","₹29,990","₹34,990"
177,"SAMSUNG Galaxy A14 5G (Dark Red, 64 GB)",4.1,783 Ratings , 53 Reviews,"₹16,499","₹18,499"
178,"Google Pixel 7 (Lemongrass, 128 GB)",4.4,"3,978 Ratings ", 594 Reviews,"₹53,999","₹59,999"
179,"IQOO Z6 Lite 5G (Without Charger) (Mystic Night, 64 GB)",4.2,600 Ratings , 41 Reviews,"₹14,489","₹15,999"
180,"SAMSUNG Galaxy A14 5G (Dark Red, 128 GB)",4,"1,109 Ratings ", 93 Reviews,"₹18,999","₹20,999"
181,"realme 8 5G (Supersonic Blue, 128 GB)",4.3,"76,879 Ratings "," 6,060 Reviews","₹16,499","₹16,999"
182,"SAMSUNG Galaxy M33 5G (Emarld Brown, 128 GB)",4.2,"9,649 Ratings ", 738 Reviews,"₹17,478","₹24,999"
183,"SAMSUNG Galaxy Z Flip3 5G (Phantom Black, 128 GB)",4.4,"3,433 Ratings ", 237 Reviews,"₹44,999","₹95,999"
184,"OnePlus Nord 2T 5G (Gray Shadow, 128 GB)",4.4,"7,381 Ratings ", 643 Reviews,"₹28,709","₹28,999"
185,"MOTOROLA Edge 30 Ultra (Interstellar Black, 128 GB)",4.3,"1,276 Ratings ", 234 Reviews,"₹44,999","₹69,999"
186,"SAMSUNG Galaxy A14 5G (Black, 128 GB)",4.1,690 Ratings , 68 Reviews,"₹20,999","₹22,999"
187,"POCO M4 Pro 5G (Yellow, 64 GB)",4.3,"47,657 Ratings "," 4,014 Reviews","₹14,999","₹16,999"
188,"IQOO Neo 7 5G (Frost Blue, 256 GB)",4.5,47 Ratings , 6 Reviews,"₹34,500","₹38,999"
189,"vivo V27 5G (Magic Blue, 256 GB)",4.4,"2,039 Ratings ", 262 Reviews,"₹36,999","₹40,999"
190,"POCO F5 5G (Electric Blue, 256 GB)",,,,"₹33,999","₹39,999"
191,"APPLE iPhone 13 (Starlight, 256 GB)",4.7,"2,15,507 Ratings "," 11,317 Reviews","₹72,999","₹79,900"
192,"OnePlus Nord 2T 5G (Gray Shadow, 128 GB)",4.4,"7,381 Ratings ", 643 Reviews,"₹28,709","₹28,999"
193,"MOTOROLA Edge 30 Ultra (Interstellar Black, 128 GB)",4.3,"1,276 Ratings ", 234 Reviews,"₹44,999","₹69,999"
194,"SAMSUNG Galaxy A14 5G (Black, 128 GB)",4.1,690 Ratings , 68 Reviews,"₹20,999","₹22,999"
195,"POCO M4 Pro 5G (Yellow, 64 GB)",4.3,"47,657 Ratings "," 4,014 Reviews","₹14,999","₹16,999"
196,"IQOO Neo 7 5G (Frost Blue, 256 GB)",4.5,47 Ratings , 6 Reviews,"₹34,500","₹38,999"
197,"IQOO Neo 7 5G (Interstellar Black, 128 GB)",4.5,144 Ratings , 19 Reviews,"₹30,498","₹34,999"
198,"APPLE iPhone 13 (Starlight, 256 GB)",4.7,"2,15,507 Ratings "," 11,317 Reviews","₹72,999","₹79,900"
199,"POCO F5 5G (Electric Blue, 256 GB)",,,,"₹33,999","₹39,999"
200,"OnePlus 10R 5G (Sierra Black, 256 GB)",4.2,"1,358 Ratings ", 91 Reviews,"₹36,499","₹42,999"
201,"SAMSUNG Galaxy Z Flip3 5G (Cream, 128 GB)",4.4,"3,433 Ratings ", 237 Reviews,"₹44,999","₹95,999"
202,"OPPO F21s Pro 5G (Starlight Black, 128 GB)",4.2,639 Ratings , 44 Reviews,"₹23,898","₹31,999"
203,"SAMSUNG Galaxy A14 5G (Light Green, 64 GB)",4.1,783 Ratings , 53 Reviews,"₹16,499","₹18,499"
204,"MOTOROLA Edge 30 (Aurora Green, 128 GB)",4.1,"5,683 Ratings ", 757 Reviews,"₹24,999","₹34,999"
205,"MOTOROLA edge 30 (Meteor Grey, 128 GB)",4.1,"10,534 Ratings "," 1,366 Reviews","₹24,999","₹30,999"
206,"APPLE iPhone 14 Plus (Purple, 128 GB)",4.7,"9,910 Ratings ", 605 Reviews,"₹80,999","₹89,900"
207,"APPLE iPhone 13 (Green, 128 GB)",4.7,"2,15,507 Ratings "," 11,317 Reviews","₹62,999","₹69,900"
208,"APPLE iPhone 14 (Purple, 128 GB)",4.6,"32,503 Ratings "," 1,262 Reviews","₹71,999","₹79,900"
209,"IQOO Neo 7 5G (Frost Blue, 128 GB)",4.5,144 Ratings , 19 Reviews,"₹30,290","₹34,999"
210,"SAMSUNG Galaxy M33 5G (Deep Ocean Blue, 128 GB)",4.2,"9,649 Ratings ", 738 Reviews,"₹17,498","₹24,999"
211,"SAMSUNG Galaxy M33 5G (Deep Ocean Blue, 128 GB)",4.2,"2,030 Ratings ", 151 Reviews,"₹18,194","₹25,999"
212,"OnePlus 10R (Forest Green, 256 GB)",4.2,119 Ratings , 5 Reviews,"₹39,990","₹42,999"
213,"POCO F5 5G (Carbon Black, 256 GB)",4.3,143 Ratings , 26 Reviews,"₹29,999","₹34,999"
214,"SAMSUNG Galaxy S22 Plus 5G (Green, 128 GB)",4.5,"2,995 Ratings ", 337 Reviews,"₹54,999","₹1,01,999"
215,"vivo Y100 5G (Metal Black, 128 GB)",4.3,977 Ratings , 68 Reviews,"₹23,999","₹29,999"
216,"REDMI K50i (Quick Silver, 128 GB)",4.1,477 Ratings , 40 Reviews,"₹21,243","₹31,999"
217,"APPLE iPhone 14 Plus (Blue, 128 GB)",4.7,"9,910 Ratings ", 605 Reviews,"₹80,999","₹89,900"
218,"REDMI K50i (Quick Silver, 256 GB)",4.2,404 Ratings , 53 Reviews,"₹23,699","₹32,999"
219,"SAMSUNG Galaxy S22 Plus 5G (Green, 128 GB)",4.5,"2,995 Ratings ", 337 Reviews,"₹54,999","₹1,01,999"
220,"SAMSUNG Galaxy A23 5G (Light Blue, 128 GB)",4.2,404 Ratings , 28 Reviews,"₹22,999","₹28,990"
221,"APPLE iPhone 13 (Pink, 128 GB)",4.7,"2,15,507 Ratings "," 11,317 Reviews","₹62,999","₹69,900"
222,"SAMSUNG Galaxy S21 FE 5G (Lavender, 128 GB)",4.3,"50,062 Ratings "," 4,827 Reviews","₹39,999","₹74,999"
223,"SAMSUNG Galaxy A23 5G (Silver, 128 GB)",4.2,404 Ratings , 28 Reviews,"₹22,999","₹28,990"
224,"SAMSUNG Galaxy A23 5G (Orange, 128 GB)",4.2,404 Ratings , 28 Reviews,"₹22,999","₹28,990"
225,"POCO X4 Pro 5G (Yellow, 128 GB)",4.2,"20,886 Ratings "," 2,077 Reviews","₹19,499","₹25,999"
226,"SAMSUNG Galaxy A14 5G (Black, 64 GB)",4.1,783 Ratings , 53 Reviews,"₹16,499","₹18,499"
227,"SAMSUNG Galaxy S20 FE 5G (Cloud Navy, 128 GB)",4.2,526 Ratings , 40 Reviews,"₹27,490","₹74,999"
228,"vivo V25 5G (Elegant Black, 256 GB)",4.3,"1,602 Ratings ", 170 Reviews,"₹29,770","₹36,999"
229,"APPLE iPhone 14 Plus (Starlight, 128 GB)",4.7,"9,910 Ratings ", 605 Reviews,"₹80,999","₹89,900"
230,"SAMSUNG Galaxy S22 Plus 5G (Phantom Black, 128 GB)",4.5,"2,995 Ratings ", 337 Reviews,"₹54,999","₹1,01,999"
231,"APPLE iPhone 13 (Blue, 128 GB)",4.7,"2,15,507 Ratings "," 11,317 Reviews","₹62,999","₹69,900"
232,"IQOO Z6 Lite 5G (Without Charger) (Stellar Green, 128 GB)",4.1,972 Ratings , 70 Reviews,"₹17,495","₹18,999"
233,"SAMSUNG Galaxy A34 5G (Awesome Graphite, 256 GB)",4.2,404 Ratings , 38 Reviews,"₹32,999","₹39,499"
234,"vivo Y56 5G (Black Engine, 128 GB)",4.2,895 Ratings , 57 Reviews,"₹19,999","₹24,999"
235,"OnePlus 11 5G (Titan Black, 128 GB)",4.5,108 Ratings , 10 Reviews,"₹55,945","₹56,999"
236,"REDMI Note 11T 5G (Stardust White, 128 GB)",4.2,414 Ratings , 25 Reviews,"₹19,990","₹22,999"
237,"SAMSUNG Galaxy S21 FE 5G (Olive Green, 128 GB)",4.3,"50,062 Ratings "," 4,827 Reviews","₹39,999","₹74,999"
238,"APPLE iPhone 14 Plus ((PRODUCT)RED, 128 GB)",4.7,"9,910 Ratings ", 605 Reviews,"₹78,999","₹89,900"
239,"SAMSUNG GALAXY M13 5G (?Stardust Brown, 128 GB)",4.1,"1,148 Ratings ", 77 Reviews,"₹14,999","₹19,499"
240,"SAMSUNG Galaxy S21 FE 5G (Graphite, 128 GB)",4.3,"50,062 Ratings "," 4,827 Reviews","₹39,999","₹74,999"
241,"OnePlus 11R 5G (Galactic Silver, 256 GB)",4.6,"1,196 Ratings ", 99 Reviews,"₹44,191","₹44,999"
242,"OnePlus 11 5G (Eternal Green, 256 GB)",4.5,299 Ratings , 29 Reviews,"₹61,950","₹61,999"
243,"MOTOROLA g82 5G (White Lily, 128 GB)",4.1,"5,977 Ratings ", 706 Reviews,"₹21,699","₹25,999"
244,"APPLE iPhone 14 Plus (Midnight, 128 GB)",4.7,"9,910 Ratings ", 605 Reviews,"₹80,999","₹89,900"
245,"POCO F5 5G (Snowstorm White, 256 GB)",4.3,143 Ratings , 26 Reviews,"₹29,999","₹34,999"
246,"vivo Y56 5G (Orange Shimmer, 128 GB)",4.2,895 Ratings , 57 Reviews,"₹19,999","₹24,999"
247,"realme 9 Pro+ 5G (Midnight Black, 128 GB)",4.4,"31,677 Ratings "," 3,471 Reviews","₹23,999","₹29,999"
248,"SAMSUNG Galaxy A34 5G (Awesome Graphite, 256 GB)",4.2,404 Ratings , 38 Reviews,"₹32,999","₹39,499"
249,"APPLE iPhone SE 3rd Gen (Midnight, 128 GB)",4.3,604 Ratings , 76 Reviews,"₹37,999","₹54,900"
250,"APPLE iPhone 14 (Starlight, 256 GB)",4.6,"32,503 Ratings "," 1,262 Reviews","₹81,999","₹89,900"
251,"SAMSUNG Galaxy A54 5G (Awesome Lime, 256 GB)",4.3,246 Ratings , 24 Reviews,"₹40,999","₹45,999"
252,"vivo V25 5G (Surfing Blue, 256 GB)",4.3,"1,602 Ratings ", 170 Reviews,"₹29,990","₹36,999"
253,"SAMSUNG Galaxy M33 5G (Deep Ocean Blue, 128 GB)",4.2,"9,649 Ratings ", 738 Reviews,"₹17,084","₹24,999"
254,"Google Pixel 7 Pro (Obsidian, 128 GB)",4.4,"2,381 Ratings ", 384 Reviews,"₹75,999","₹84,999"
255,"SAMSUNG Galaxy M33 5G (Mystique Green, 128 GB)",4.2,"9,649 Ratings ", 738 Reviews,"₹17,177","₹24,999"
256,"Google Pixel 7 Pro (Snow, 128 GB)",4.4,"2,381 Ratings ", 384 Reviews,"₹75,999","₹84,999"
257,"IQOO Neo 6 5G (Cyber Rage, 128 GB)",4.4,"1,369 Ratings ", 164 Reviews,"₹27,698","₹34,999"
258,"MOTOROLA Edge 30 Fusion (Viva Magenta, 128 GB)",4.3,"3,298 Ratings ", 538 Reviews,"₹37,999","₹49,999"
259,"IQOO Neo 6 5G (Dark Nova, 128 GB)",4.4,"1,369 Ratings ", 164 Reviews,"₹27,999","₹34,999"
260,"realme 9 Pro+ 5G (Midnight Black, 256 GB)",4.4,"31,677 Ratings "," 3,471 Reviews","₹25,999","₹31,999"
261,"Google Pixel 7 Pro (Hazel, 128 GB)",4.4,"2,381 Ratings ", 384 Reviews,"₹75,999","₹84,999"
262,"OPPO F21s Pro 5G (Dawnlight Gold, 128 GB)",4.2,639 Ratings , 44 Reviews,"₹24,799","₹31,999"
263,"Xiaomi 11Lite NE (Jazz Blue, 128 GB)",4.2,"3,530 Ratings ", 399 Reviews,"₹22,990","₹31,999"
264,"MOTOROLA Edge 30 Fusion (Viva Magenta, 128 GB)",4.3,"3,298 Ratings ", 538 Reviews,"₹37,999","₹49,999"
265,"IQOO Neo 6 5G (Dark Nova, 128 GB)",4.4,"1,369 Ratings ", 164 Reviews,"₹27,999","₹34,999"
266,"IQOO Neo 6 5G (Cyber Rage, 128 GB)",4.4,"1,369 Ratings ", 164 Reviews,"₹27,698","₹34,999"
267,"realme 9 Pro+ 5G (Midnight Black, 256 GB)",4.4,"31,677 Ratings "," 3,471 Reviews","₹25,999","₹31,999"
268,"Google Pixel 7 Pro (Hazel, 128 GB)",4.4,"2,381 Ratings ", 384 Reviews,"₹75,999","₹84,999"
269,"SAMSUNG Galaxy S23 Ultra 5G (Green, 256 GB)",4.3,544 Ratings , 71 Reviews,"₹1,24,999","₹1,49,999"
270,"vivo V25 5G (Surfing Blue, 128 GB)",4.3,"7,474 Ratings ", 716 Reviews,"₹26,664","₹32,999"
271,"POCO X4 Pro 5G (Laser Black, 128 GB)",4.2,"83,244 Ratings "," 8,209 Reviews","₹17,499","₹23,999"
272,"OPPO F21s Pro 5G (Dawnlight Gold, 128 GB)",4.2,639 Ratings , 44 Reviews,"₹24,799","₹31,999"
273,"SAMSUNG Galaxy S23 5G (Lavender, 256 GB)",4.5,"1,251 Ratings ", 205 Reviews,"₹79,999","₹95,999"
274,"APPLE iPhone 14 Pro (Silver, 128 GB)",4.7,"1,167 Ratings ", 91 Reviews,"₹1,19,999","₹1,29,900"
275,"Xiaomi 11Lite NE (Jazz Blue, 128 GB)",4.2,"3,530 Ratings ", 399 Reviews,"₹22,990","₹31,999"
276,"APPLE iPhone 14 (Midnight, 256 GB)",4.6,"32,503 Ratings "," 1,262 Reviews","₹81,999","₹89,900"
277,"SAMSUNG Galaxy A23 5G (Silver, 128 GB)",3.9,221 Ratings , 15 Reviews,"₹24,999","₹30,990"
278,"OnePlus 10R 5G (Forest Green, 256 GB)",4.2,"1,358 Ratings ", 91 Reviews,"₹35,820","₹42,999"
279,"SAMSUNG GALAXY M13 5G (Aqua Green, 128 GB)",4.1,"1,148 Ratings ", 77 Reviews,"₹18,995","₹19,499"
280,"realme 9 Pro+ 5G (Sunrise Blue, 256 GB)",4.4,"31,677 Ratings "," 3,471 Reviews","₹25,999","₹31,999"
281,"IQOO Neo 6 5G (Dark Nova, 256 GB)",4.4,511 Ratings , 61 Reviews,"₹32,999","₹39,999"
282,"realme Narzo 50 Pro 5G (Hyper Blue, 128 GB)",4.2,292 Ratings , 33 Reviews,"₹21,499","₹25,999"
283,"realme Narzo 50 Pro 5G (Hyper Blue, 128 GB)",4.1,59 Ratings , 1 Reviews,"₹21,693","₹26,999"
284,"APPLE iPhone 14 Plus (Blue, 256 GB)",4.7,"9,910 Ratings ", 605 Reviews,"₹90,999","₹99,900"
285,"MOTOROLA Edge 30 Ultra (Interstellar Black, 256 GB)",4.3,468 Ratings , 91 Reviews,"₹49,999","₹74,999"
286,"Xiaomi 11T Pro 5G Hyperphone (Celestial Magic, 256 GB)",4.2,200 Ratings , 28 Reviews,"₹35,490","₹54,999"
287,"APPLE iPhone 14 Plus (Midnight, 256 GB)",4.7,"9,910 Ratings ", 605 Reviews,"₹90,999","₹99,900"
288,"OnePlus 10T 5G (Jade Green, 128 GB)",4.3,211 Ratings , 17 Reviews,"₹44,999","₹49,999"
289,"SAMSUNG Galaxy S23 5G (Cream, 256 GB)",4.5,"1,251 Ratings ", 205 Reviews,"₹79,999","₹95,999"
290,"vivo T1 Pro 5G (Turbo Cyan, 128 GB)",4.4,"8,812 Ratings ", 836 Reviews,"₹23,999","₹28,990"
291,"Xiaomi 12 Pro 5G (Couture Blue, 256 GB)",4.1,187 Ratings , 24 Reviews,"₹47,999","₹84,999"
292,"realme Narzo 30 Pro 5G (Blade Silver, 128 GB)",4.3,"28,659 Ratings "," 2,675 Reviews","₹19,999","₹21,999"
293,"APPLE iPhone 14 Pro Max (Silver, 128 GB)",4.7,"1,310 Ratings ", 101 Reviews,"₹1,27,999","₹1,39,900"
294,"Tecno Pova Neo 5G (Sapphire Black, 128 GB)",4,10 Ratings , 2 Reviews,,
295,"OnePlus 10 Pro 5G (Volcanic Black, 128 GB)",4.3,217 Ratings , 11 Reviews,"₹49,480","₹66,999"
296,"vivo Y100A (Twilight Gold, 256 GB)",,,,"₹25,999","₹31,999"
297,"vivo Y100A (Metal Black, 256 GB)",,,,"₹25,999","₹31,999"
298,"Xiaomi 12 Pro 5G (Noir Black, 256 GB)",4.1,187 Ratings , 24 Reviews,"₹46,990","₹84,999"
299,"Moto G71 5G (Neptune Green, 128 GB)",4.2,"23,459 Ratings "," 2,668 Reviews","₹16,999","₹22,999"
300,"MOTOROLA Edge 30 Fusion (Cosmic grey, 128 GB)",4.3,"3,298 Ratings ", 538 Reviews,"₹37,999","₹49,999"
301,"vivo X90 (Breeze Blue, 256 GB)",4.5,128 Ratings , 33 Reviews,"₹59,999","₹61,999"
302,"Xiaomi 12 Pro 5G (Noir Black, 256 GB)",4.2,198 Ratings , 30 Reviews,"₹42,975","₹79,999"
303,"APPLE iPhone 14 Pro Max (Gold, 128 GB)",4.7,"1,310 Ratings ", 101 Reviews,"₹1,27,999","₹1,39,900"
304,"vivo Y565G (Black Engine, 128 GB)",4.4,312 Ratings , 21 Reviews,"₹19,907","₹21,999"
305,"APPLE iPhone 14 Plus (Purple, 256 GB)",4.7,"9,910 Ratings ", 605 Reviews,"₹90,999","₹99,900"
306,"SAMSUNG GALAXY M13 5G (Midnight Blue, 128 GB)",4.1,"1,148 Ratings ", 77 Reviews,"₹14,688","₹19,499"
307,"Xiaomi 11T Pro 5G Hyperphone (Moonlight White, 128 GB)",4,585 Ratings , 68 Reviews,"₹29,990","₹40,999"
308,"Xiaomi 11T Pro 5G Hyperphone (Meteorite Black, 128 GB)",4,585 Ratings , 68 Reviews,"₹29,899","₹40,999"
309,"SAMSUNG Galaxy A14 5G (Light Green, 128 GB)",4.1,690 Ratings , 68 Reviews,"₹20,999","₹22,999"
310,"vivo V21 5G (Dusk Blue, 128 GB)",4.3,"17,392 Ratings "," 1,715 Reviews","₹27,990","₹32,990"
311,"realme narzo 50 5G (Hyper Blue, 128 GB)",4.3,92 Ratings , 4 Reviews,"₹17,790","₹19,999"
312,"MOTOROLA g82 5G (Meterorite Grey, 128 GB)",4.1,"5,977 Ratings ", 706 Reviews,"₹21,699","₹25,999"
313,"SAMSUNG Galaxy A52s 5G (Awesome Black, 128 GB)",4.2,"1,021 Ratings ", 125 Reviews,"₹34,999","₹38,999"
314,"MOTOROLA Edge 30 Ultra (Starlight White, 128 GB)",4.3,"1,276 Ratings ", 234 Reviews,"₹44,999","₹69,999"
315,"APPLE iPhone 13 ((PRODUCT)RED, 128 GB)",4.7,"2,15,507 Ratings "," 11,317 Reviews","₹62,999","₹69,900"
316,"vivo V21 5G (Dusk Blue, 128 GB)",4.3,"17,392 Ratings "," 1,715 Reviews","₹27,990","₹32,990"
317,"REDMI Note 11T 5G (Matte black, 128 GB)",4.2,414 Ratings , 25 Reviews,"₹18,490","₹20,999"
318,"IQOO NEO 6 (MAVERICK ORANGE, 256 GB)",4.7,34 Ratings , 4 Reviews,"₹31,246","₹36,990"
319,"Xiaomi 11i 5G (Purple Mist, 128 GB)",4.2,"21,573 Ratings "," 2,676 Reviews","₹26,999","₹31,999"
320,"vivo V21 5G (Sunset Dazzle, 128 GB)",4.3,"17,392 Ratings "," 1,715 Reviews","₹27,990","₹32,990"
321,"OnePlus 10R (Forest Green, 128 GB)",4.3,"1,030 Ratings ", 62 Reviews,"₹31,745","₹38,999"
322,"vivo V21 5G (Dusk Blue, 256 GB)",4.3,"17,392 Ratings "," 1,715 Reviews","₹25,999","₹35,990"
323,"MOTOROLA Edge 30 Fusion (Solar Gold, 128 GB)",4.3,"3,298 Ratings ", 538 Reviews,"₹37,999","₹49,999"
324,"Mi 10T (Cosmic Black, 128 GB)",4.1,"3,654 Ratings ", 459 Reviews,"₹37,999","₹42,999"
325,"OnePlus 11 5G (Titan Black, 256 GB)",4.5,299 Ratings , 29 Reviews,"₹59,990","₹61,999"
326,"APPLE iPhone 14 (Purple, 256 GB)",4.6,"32,503 Ratings "," 1,262 Reviews","₹81,999","₹89,900"
327,"IQOO Neo 7 5G (Interstellar Black, 128 GB)",4.5,144 Ratings , 19 Reviews,"₹29,999","₹34,999"
328,"vivo V25 Pro 5G (Pure Black, 128 GB)",4.3,"6,636 Ratings ", 881 Reviews,"₹35,999","₹39,999"
329,"SAMSUNG Galaxy S23 Plus 5G (Phantom Black, 512 GB)",4.5,119 Ratings , 19 Reviews,"₹1,04,999","₹1,28,999"
330,"HTC U20H-5G (Green, 256 GB)",3.9,15 Ratings , 2 Reviews,"₹17,999","₹29,999"
331,"APPLE iPhone 13 (Green, 256 GB)",4.7,"2,15,507 Ratings "," 11,317 Reviews","₹72,999","₹79,900"
332,"APPLE iPhone 14 Pro (Space Black, 128 GB)",4.7,"1,167 Ratings ", 91 Reviews,"₹1,19,999","₹1,29,900"
333,"vivo X90 (Asteroid Black, 256 GB)",4.7,30 Ratings , 2 Reviews,"₹63,999","₹64,999"
334,"SAMSUNG Galaxy A33 (Awesome Peach, 128 GB)",4.1,"1,007 Ratings ", 107 Reviews,"₹27,499","₹33,990"
335,"APPLE iPhone 14 ((PRODUCT)RED, 256 GB)",4.6,"32,503 Ratings "," 1,262 Reviews","₹81,999","₹89,900"
336,"REDMI Note 11T 5G (Stardust White, 128 GB)",4.3,498 Ratings , 29 Reviews,"₹18,999","₹20,999"
337,"SAMSUNG Galaxy A33 (Awesome Peach, 128 GB)",4.1,"1,007 Ratings ", 107 Reviews,"₹27,499","₹33,990"
338,"APPLE iPhone 14 ((PRODUCT)RED, 256 GB)",4.6,"32,503 Ratings "," 1,262 Reviews","₹81,999","₹89,900"
339,"Tecno Pova Neo 5G (Sapphire Black, 128 GB)",4,10 Ratings , 2 Reviews,"₹16,999","₹17,999"
340,"OnePlus 10 Pro 5G (Volcanic Black, 256 GB)",3.9,163 Ratings , 8 Reviews,"₹69,900","₹71,999"
341,"SAMSUNG Galaxy A73 5G (Awesome White, 128 GB)",4.2,"1,568 Ratings ", 203 Reviews,"₹41,999","₹47,490"
342,"POCO F3 GT 5G (Predator Black, 128 GB)",4.3,"15,021 Ratings "," 1,964 Reviews","₹34,999",
343,"SAMSUNG Galaxy A73 5G (Awesome Gray, 128 GB)",4.2,"1,568 Ratings ", 203 Reviews,"₹41,999","₹47,490"
344,"SAMSUNG Galaxy S23 5G (Phantom Black, 256 GB)",4.5,"1,251 Ratings ", 205 Reviews,"₹79,999","₹95,999"
345,"realme GT 2 (Paper White, 128 GB)",4.3,"8,055 Ratings ", 978 Reviews,"₹34,999","₹39,999"
346,"realme GT 2 (Steel Black, 128 GB)",4.3,"8,055 Ratings ", 978 Reviews,"₹34,999","₹39,999"
347,"SAMSUNG Galaxy A73 5G (Awesome Mint, 128 GB)",4.2,"1,568 Ratings ", 203 Reviews,"₹41,999","₹47,490"
348,"APPLE iPhone 12 (Blue, 64 GB)",4.6,"1,88,887 Ratings "," 12,821 Reviews","₹53,999","₹59,900"
349,"SAMSUNG Galaxy S22 5G (Phantom Black, 128 GB)",4.3,238 Ratings , 31 Reviews,"₹49,990","₹75,999"
350,"Mi 11X Pro 5G (Lunar White, 128 GB)",4,491 Ratings , 37 Reviews,"₹29,990","₹44,999"
351,"REDMI Note 11S (Space Black, 64 GB)",4.2,"3,246 Ratings ", 254 Reviews,"₹15,450","₹19,999"
352,"Mi 11X Pro 5G (Celestial Silver, 128 GB)",4,491 Ratings , 37 Reviews,"₹29,990","₹47,999"
353,"SAMSUNG Galaxy S23 5G (Cream, 128 GB)",4.5,"1,251 Ratings ", 205 Reviews,"₹74,999","₹89,999"
354,"vivo X90 Pro (Legendary Black, 256 GB)",4.3,71 Ratings , 23 Reviews,"₹84,999","₹91,999"
355,"Mi 11X (Cosmic Black, 128 GB)",4.2,"2,901 Ratings ", 282 Reviews,"₹23,999","₹33,999"
356,"vivo Y100A (Pacific Blue, 256 GB)",,,,"₹27,000","₹31,999"
357,"APPLE iPhone 14 (Yellow, 128 GB)",4.6,"32,503 Ratings "," 1,262 Reviews","₹71,999","₹79,900"
358,"APPLE iPhone 13 (Blue, 256 GB)",4.7,"2,15,507 Ratings "," 11,317 Reviews","₹72,999","₹79,900"
359,"SAMSUNG Galaxy S23 Plus 5G (Phantom Black, 512 GB)",4.5,119 Ratings , 19 Reviews,"₹1,04,999","₹1,28,999"
360,"vivo X90 (Breeze Blue, 256 GB)",4.7,30 Ratings , 2 Reviews,"₹63,999","₹64,999"
361,"SAMSUNG Galaxy S23 Plus 5G (Cream, 512 GB)",4.5,119 Ratings , 19 Reviews,"₹1,04,999","₹1,28,999"
362,"MOTOROLA g82 5G(White Lily, 128 GB)",4.2,"8,459 Ratings "," 1,043 Reviews","₹19,999","₹23,999"
363,"APPLE iPhone 13 (Midnight, 256 GB)",4.7,"2,15,507 Ratings "," 11,317 Reviews","₹72,999","₹79,900"
364,"OPPO Reno8T 5G (Midnight Black, 128 GB)",4.3,"8,184 Ratings ", 722 Reviews,"₹30,999","₹38,999"
365,"realme X7 Pro 5G (Mystic Black, 128 GB)",4.3,"12,733 Ratings "," 1,616 Reviews","₹29,999","₹32,999"
366,"SAMSUNG Galaxy S23 5G (Green, 128 GB)",4.5,"1,251 Ratings ", 205 Reviews,"₹74,999","₹89,999"
367,"APPLE iPhone 12 (Black, 64 GB)",4.6,"1,88,887 Ratings "," 12,821 Reviews","₹53,999","₹59,900"
368,"APPLE iPhone 12 (White, 64 GB)",4.6,"1,88,887 Ratings "," 12,821 Reviews","₹53,999","₹59,900"
369,"POCO M4 Pro 5G (Cool Blue, 64 GB)",4.3,"47,657 Ratings "," 4,014 Reviews",,
370,"vivo X90 (Asteroid Black, 256 GB)",4.5,128 Ratings , 33 Reviews,"₹59,999","₹61,999"
371,"realme GT NEO 3 (150W) (Nitro Blue, 256 GB)",4.4,119 Ratings , 22 Reviews,"₹42,999","₹45,999"
372,"OnePlus Nord CE 3 Lite 5G (Chromatic Gray, 128 GB)",4.4,358 Ratings , 44 Reviews,,
373,"SAMSUNG Galaxy A73 5G (Awesome White, 128 GB)",4.2,"1,568 Ratings ", 203 Reviews,"₹41,999","₹47,490"
374,"SAMSUNG Galaxy Z Flip4 5G (Graphite, 256 GB)",3.7,191 Ratings , 17 Reviews,"₹94,999","₹1,06,999"
375,"SAMSUNG Galaxy M53 5G (Deep Ocean Blue, 128 GB)",3.8,125 Ratings , 11 Reviews,"₹24,595","₹29,999"
376,"APPLE iPhone 14 Plus (Starlight, 256 GB)",4.7,"9,910 Ratings ", 605 Reviews,"₹90,999","₹99,900"
377,"APPLE iPhone 14 Plus (Yellow, 512 GB)",4.7,"9,910 Ratings ", 605 Reviews,"₹1,10,999","₹1,19,900"
378,"APPLE iPhone 14 (Blue, 256 GB)",4.6,"32,503 Ratings "," 1,262 Reviews","₹81,999","₹89,900"
379,"OPPO A78 5G (Glowing Blue, 128 GB)",4.4,580 Ratings , 27 Reviews,"₹19,999","₹21,999"
380,"vivo Y100A (Pacific Blue, 256 GB)",,,,"₹28,999","₹31,999"
381,"SAMSUNG Galaxy S23 Plus 5G (Cream, 256 GB)",4.5,119 Ratings , 19 Reviews,"₹94,999","₹1,16,999"
382,"realme GT 2 (Steel Black, 256 GB)",4.4,"1,282 Ratings ", 169 Reviews,"₹38,999","₹44,999"
383,"SAMSUNG Galaxy S22 5G (Bora Purple, 128 GB)",4.3,238 Ratings , 31 Reviews,"₹49,970","₹85,999"
384,"SAMSUNG Galaxy S23 Ultra 5G (Green, 512 GB)",4.3,544 Ratings , 71 Reviews,"₹1,34,999","₹1,61,999"
385,"SAMSUNG Galaxy S23 Ultra 5G (Phantom Black, 256 GB)",4.3,544 Ratings , 71 Reviews,"₹1,24,999","₹1,49,999"
386,"SAMSUNG GALAXY M13 5G (Aqua Green, 64 GB)",4.1,690 Ratings , 40 Reviews,"₹13,799","₹16,999"
387,"realme GT NEO 3 (150W) (Sprint White, 256 GB)",4.4,119 Ratings , 22 Reviews,"₹42,999","₹45,999"
388,"SAMSUNG M53 5G (Deep Ocean Blue, 128 GB)",4.1,665 Ratings , 70 Reviews,"₹23,890","₹32,999"
389,"OnePlus Nord CE 2 5G (Gray Mirror, 128 GB)",4.3,"2,698 Ratings ", 253 Reviews,"₹24,999",
390,"vivo X60 Pro+ (Emperor Blue, 256 GB)",4.5,352 Ratings , 59 Reviews,"₹54,999","₹74,990"
391,"APPLE iPhone 14 Plus (Starlight, 512 GB)",4.7,"9,910 Ratings ", 605 Reviews,"₹1,10,999","₹1,19,900"
392,"realme GT Master Edition (Voyager Grey, 128 GB)",4.3,"62,317 Ratings "," 6,607 Reviews","₹27,999","₹29,999"
393,"POCO F4 5G (Nebula Green, 128 GB)",4.3,"12,753 Ratings "," 1,773 Reviews","₹27,999","₹32,999"
394,"SAMSUNG Galaxy S22 5G (Phantom Black, 128 GB)",4.3,238 Ratings , 31 Reviews,"₹49,999","₹85,666"
395,"SAMSUNG Galaxy A52s 5G (Awesome Violet, 128 GB)",4.2,"2,651 Ratings ", 334 Reviews,"₹37,999",
396,"Infinix Zero Ultra (Genesis Noir, 256 GB)",4.1,"1,003 Ratings ", 174 Reviews,"₹29,999","₹49,999"
397,"SAMSUNG Galaxy S22 5G (Green, 128 GB)",4.3,238 Ratings , 31 Reviews,"₹49,499","₹75,999"
398,"REDMI Note 10T 5G (Mint Green, 64 GB)",4.3,"45,778 Ratings "," 3,284 Reviews","₹14,999","₹16,999"
399,"Mi 11X Pro 5G (Lunar White, 128 GB)",4,491 Ratings , 37 Reviews,"₹29,890","₹39,999"
400,"APPLE iPhone 14 Plus (Midnight, 512 GB)",4.7,"9,910 Ratings ", 605 Reviews,"₹1,10,999","₹1,19,900"
401,"realme GT NEO 2 (NEO Black, 256 GB)",4.4,"4,490 Ratings ", 632 Reviews,"₹35,999","₹38,999"
402,"Infinix Zero Ultra (Coslight Silver, 256 GB)",4.1,"1,003 Ratings ", 174 Reviews,"₹29,999","₹49,999"
403,"vivo V23 Pro 5G (Stardust Black, 256 GB)",4.2,"1,573 Ratings ", 190 Reviews,"₹43,990","₹45,990"
404,"vivo V23 Pro 5G (Stardust Black, 128 GB)",4.3,"3,833 Ratings ", 409 Reviews,"₹38,990","₹41,990"
405,"APPLE iPhone 13 Pro Max (Gold, 512 GB)",4.6,"1,878 Ratings ", 179 Reviews,"₹1,35,199","₹1,59,900"
406,"Xiaomi 11Lite NE (Jazz Blue, 128 GB)",4.2,"1,726 Ratings ", 184 Reviews,"₹22,890","₹33,736"
407,"vivo V25 5G (Elegant Black, 128 GB)",4.3,"7,474 Ratings ", 716 Reviews,"₹26,499","₹32,999"
408,"APPLE iPhone 13 ((PRODUCT)RED, 256 GB)",4.7,"2,15,507 Ratings "," 11,317 Reviews","₹72,999","₹79,900"
409,"Mi 10T Pro (Cosmic Black, 128 GB)",4.2,"3,684 Ratings ", 552 Reviews,"₹47,999",
410,"realme GT NEO 2 (NEO Blue, 256 GB)",4.4,"4,490 Ratings ", 632 Reviews,"₹35,999","₹38,999"
411,"SAMSUNG Galaxy M14 5G (Berry Blue, 128 GB)",4.3,87 Ratings , 4 Reviews,"₹15,389","₹18,990"
412,"OPPO Find N2 Flip (Moonlit Purple, 256 GB)",4.3,180 Ratings , 30 Reviews,"₹89,999","₹99,999"
413,"vivo V25 Pro 5G (Sailing Blue, 256 GB)",4.3,"1,097 Ratings ", 128 Reviews,"₹42,999","₹43,999"
414,"Tecno Spark 10 5G (Meta Blue, 128 GB)",,,,"₹18,889","₹19,990"
415,"Tecno Spark 10 5G (Meta Black, 128 GB)",,,,"₹18,889","₹19,990"
416,"OnePlus 10R 5G (Sierra Black, 256 GB)",4.2,"1,358 Ratings ", 91 Reviews,"₹36,389","₹42,999"
417,"SAMSUNG Galaxy S23 Plus 5G (Phantom Black, 256 GB)",4.5,119 Ratings , 19 Reviews,"₹94,999","₹1,16,999"
418,"APPLE iPhone 12 (Black, 256 GB)",4.6,"1,88,887 Ratings "," 12,821 Reviews","₹66,999","₹74,900"
419,"REDMI K50i (Phantom Blue, 256 GB)",4.2,404 Ratings , 53 Reviews,"₹26,499","₹35,999"
420,"realme GT NEO 3 (150W) (Asphalt Black, 256 GB)",4.4,119 Ratings , 22 Reviews,"₹42,999","₹45,999"
421,"realme X50 Pro (Moss Green, 256 GB)",4.4,"1,646 Ratings ", 188 Reviews,"₹47,999",
422,"IQOO Neo 6 5G (Maverick Orange, 128 GB)",4.4,"1,369 Ratings ", 164 Reviews,"₹28,990","₹32,990"
423,"APPLE iPhone 14 (Blue, 512 GB)",4.6,"32,503 Ratings "," 1,262 Reviews","₹1,01,999","₹1,09,900"
424,"OPPO Reno6 5G (Stellar Black, 128 GB)",4.3,"53,515 Ratings "," 6,871 Reviews","₹35,999",
425,"vivo Y72 5G (Prism Magic, 128 GB)",4.3,"5,838 Ratings ", 458 Reviews,"₹24,990",
426,"vivo Y72 5G (Slate Gray, 128 GB)",4.3,"5,838 Ratings ", 458 Reviews,"₹24,990",
427,"APPLE iPhone 14 Pro (Silver, 256 GB)",4.7,"1,167 Ratings ", 91 Reviews,"₹1,29,999","₹1,39,900"
428,"Xiaomi 11T Pro 5G Hyperphone (Celestial Magic, 128 GB)",4,585 Ratings , 68 Reviews,"₹28,990","₹49,999"
429,"APPLE iPhone 13 Pro Max (Alpine Green, 512 GB)",4.6,"1,878 Ratings ", 179 Reviews,"₹1,35,199","₹1,59,900"
430,"APPLE iPhone 14 (Midnight, 512 GB)",4.6,"32,503 Ratings "," 1,262 Reviews","₹1,01,999","₹1,09,900"
431,"IQOO Neo 6 5G (Dark Nova, 256 GB)",4.4,511 Ratings , 61 Reviews,"₹33,099","₹39,999"
432,"SAMSUNG Galaxy A52s 5G (Awesome Mint, 128 GB)",4.2,"2,651 Ratings ", 334 Reviews,"₹32,899","₹34,990"
433,"REDMI Note 11T 5G (Aquamarine Blue, 128 GB)",4.2,414 Ratings , 25 Reviews,"₹19,985","₹22,999"
434,"IQOO Neo 6 5G (Maverick Orange, 128 GB)",4.4,"1,369 Ratings ", 164 Reviews,"₹28,990","₹32,990"
435,"SAMSUNG Galaxy S22 Ultra 5G (Phantom White, 256 GB)",4.1,80 Ratings , 7 Reviews,"₹1,09,998","₹1,31,999"
436,"realme X50 Pro (Rust Red, 128 GB)",4.4,"8,701 Ratings "," 1,235 Reviews","₹41,999",
437,"realme X50 Pro (Moss Green, 128 GB)",4.4,"8,701 Ratings "," 1,235 Reviews","₹41,999",
438,"ASUS ROG 5s (Phantom Black, 256 GB)",4.2,748 Ratings , 95 Reviews,"₹57,999","₹63,999"
439,"vivo Y100 A 5G (Pacific Blue, 256 GB)",2.5,4 Ratings , 0 Reviews,"₹26,989","₹29,999"
440,"OnePlus Nord CE 5G (Blue Void, 128 GB)",3.6,56 Ratings , 5 Reviews,"₹23,999","₹24,999"
441,"Xiaomi 11i 5G (Camo Green, 128 GB)",4.2,"38,277 Ratings "," 4,664 Reviews","₹24,999","₹29,999"
442,"SAMSUNG Galaxy S23 Ultra 5G (Phantom Black, 512 GB)",4.3,544 Ratings , 71 Reviews,"₹1,34,999","₹1,61,999"
443,"Xiaomi 11i Hypercharge 5G (Purple Mist, 128 GB)",4.2,"11,778 Ratings "," 1,188 Reviews","₹23,999","₹31,999"
444,"ASUS ROG 5s (Black, 128 GB)",4.1,"1,145 Ratings ", 163 Reviews,"₹39,999","₹55,999"
445,"APPLE iPhone 14 Pro (Deep Purple, 128 GB)",4.7,"1,167 Ratings ", 91 Reviews,"₹1,19,999","₹1,29,900"
446,"realme GT NEO 2 (NEO Blue, 128 GB)",4.4,"18,277 Ratings "," 2,491 Reviews","₹31,999","₹34,999"
447,"SAMSUNG Galaxy A33 (Awesome Black, 128 GB)",4.1,"1,888 Ratings ", 177 Reviews,"₹28,490","₹32,990"
448,"APPLE iPhone 14 Pro (Silver, 512 GB)",4.7,"1,167 Ratings ", 91 Reviews,"₹1,49,999","₹1,59,900"
449,"SAMSUNG Galaxy S22 5G (Phantom Black, 256 GB)",4.3,238 Ratings , 31 Reviews,"₹72,999","₹79,999"
450,"SAMSUNG Galaxy M14 5G (Icy Silver, 128 GB)",4.3,87 Ratings , 4 Reviews,"₹15,484","₹18,990"
451,"realme GT Neo 3 (Sprint White, 128 GB)",4.1,876 Ratings , 140 Reviews,"₹36,999","₹38,999"
452,"realme GT Neo 3 (Asphalt Black, 128 GB)",4.1,876 Ratings , 140 Reviews,"₹36,999","₹38,999"
453,"APPLE iPhone 14 Plus (Blue, 512 GB)",4.7,"9,910 Ratings ", 605 Reviews,"₹1,10,999","₹1,19,900"
454,"MOTOROLA edge 30 (Aurora Green, 128 GB)",4.1,"10,534 Ratings "," 1,366 Reviews","₹24,999","₹30,999"
455,"APPLE iPhone 13 Pro (Silver, 512 GB)",4.7,"1,452 Ratings ", 121 Reviews,"₹1,26,199","₹1,49,900"
456,"realme GT Neo 3 (Sprint White, 256 GB)",4.1,876 Ratings , 140 Reviews,"₹38,999","₹41,999"
457,"SAMSUNG Galaxy S22 5G (Phantom White, 256 GB)",4.3,238 Ratings , 31 Reviews,"₹72,999","₹91,999"
458,"IQOO 7 5G (Monster Orange, 128 GB)",4.4,359 Ratings , 62 Reviews,"₹28,990","₹34,990"
459,"Xiaomi 11Lite NE (Vinyl Black, 128 GB)",4.2,"1,726 Ratings ", 184 Reviews,"₹23,998","₹33,999"
460,"Xiaomi 12 Pro 5G (Noir Black, 256 GB)",4.1,187 Ratings , 24 Reviews,"₹47,499","₹84,999"
461,"APPLE iPhone 13 Pro Max (Graphite, 1 TB)",4.6,"1,878 Ratings ", 179 Reviews,"₹1,56,199","₹1,79,900"
462,"APPLE iPhone 12 mini (Red, 64 GB)",4.5,"1,27,963 Ratings "," 10,234 Reviews","₹50,999","₹59,900"
463,"SAMSUNG Galaxy S22 5G (Green, 128 GB)",4.3,238 Ratings , 31 Reviews,"₹49,999","₹85,999"
464,"Xiaomi 11i 5G (Stealth Black, 128 GB)",4.2,"21,573 Ratings "," 2,676 Reviews","₹26,999","₹31,999"
465,"SAMSUNG Galaxy S23 5G (Green, 256 GB)",4.5,"1,251 Ratings ", 205 Reviews,"₹79,999","₹95,999"
466,"SAMSUNG Galaxy M14 5G (Berry Blue, 128 GB)",4.2,33 Ratings , 4 Reviews,"₹14,324","₹17,990"
467,"APPLE iPhone 14 Pro (Gold, 512 GB)",4.7,"1,167 Ratings ", 91 Reviews,"₹1,49,999","₹1,59,900"
468,"REDMI Note 12 5G (Frosted Green, 256 GB)",,,,"₹20,999","₹23,999"
469,"vivo X80 (Cosmic Black, 128 GB)",4.5,828 Ratings , 152 Reviews,"₹54,999","₹59,999"
470,"REDMI Note 12 5G (Mystique Blue, 256 GB)",,,,"₹20,999","₹23,999"
471,"REDMI Note 12 5G (Matte Black, 256 GB)",,,,"₹20,999","₹23,999"
472,"APPLE iPhone 12 mini (White, 64 GB)",4.5,"1,27,963 Ratings "," 10,234 Reviews","₹50,999","₹59,900"
473,"realme GT 5G (Dashing Silver, 128 GB)",4.3,496 Ratings , 81 Reviews,"₹37,999","₹40,999"
474,"Redmi Note 11 PRO Plus 5G (Mirage Blue, 128 GB)",4.2,"6,339 Ratings ", 510 Reviews,"₹24,999",
475,"APPLE iPhone 13 (Blue, 512 GB)",4.7,"2,15,507 Ratings "," 11,317 Reviews","₹91,999","₹99,900"
476,"APPLE iPhone 14 Pro Max (Deep Purple, 128 GB)",4.7,"1,310 Ratings ", 101 Reviews,"₹1,27,999","₹1,39,900"
477,"OnePlus 11 5G (Eternal Green, 128 GB)",4.5,108 Ratings , 10 Reviews,"₹56,999",
478,"SAMSUNG Galaxy M14 5G (Smoky Teal, 128 GB)",4.3,87 Ratings , 4 Reviews,"₹15,544","₹18,990"
479,"SAMSUNG GALAXY M13 5G (Stardust Brown, 64 GB)",4.1,690 Ratings , 40 Reviews,"₹13,199","₹16,999"
480,"SAMSUNG Galaxy S22 5G (Green, 256 GB)",4.3,238 Ratings , 31 Reviews,"₹80,999","₹91,999"
481,"APPLE iPhone 13 mini ((PRODUCT)RED, 512 GB)",4.5,"3,309 Ratings ", 287 Reviews,"₹89,999","₹94,900"
482,"OPPO F23 5G (Bold Gold, 256 GB)",,,,"₹24,999","₹28,999"
483,"APPLE iPhone 14 Pro (Gold, 1 TB)",4.7,"1,167 Ratings ", 91 Reviews,"₹1,69,999","₹1,79,900"
484,"Mi 10T (Lunar Silver, 128 GB)",4.2,"4,022 Ratings ", 562 Reviews,"₹24,990","₹39,999"
485,"Mi 10T (Lunar Silver, 128 GB)",4.1,"3,654 Ratings ", 459 Reviews,"₹25,990","₹42,999"
486,"APPLE iPhone 14 Pro (Silver, 1 TB)",4.7,"1,167 Ratings ", 91 Reviews,"₹1,69,999","₹1,79,900"
487,"SAMSUNG Galaxy A52s 5G (Awesome White, 128 GB)",4.2,"1,021 Ratings ", 125 Reviews,"₹37,999",
488,"APPLE iPhone 14 Pro (Deep Purple, 1 TB)",4.7,"1,167 Ratings ", 91 Reviews,"₹1,69,999","₹1,79,900"
489,"SAMSUNG A52s (Awesome Violet, 128 GB)",4.4,15 Ratings , 1 Reviews,"₹40,999",
490,"APPLE iPhone 14 Pro Max (Space Black, 1 TB)",4.7,"1,310 Ratings ", 101 Reviews,"₹1,77,999","₹1,89,900"
491,"SAMSUNG Galaxy S23 Ultra 5G (Cream, 256 GB)",4.3,544 Ratings , 71 Reviews,"₹1,24,999","₹1,49,999"
492,"realme GT 2 Pro (Paper Green, 128 GB)",4.2,"2,834 Ratings ", 431 Reviews,"₹49,999","₹57,999"
493,"vivo V25 Pro 5G (Blue, 128 GB)",4.3,"6,636 Ratings ", 881 Reviews,"₹32,980","₹39,999"
494,"APPLE iPhone 12 Pro (Silver, 512 GB)",4.5,"1,312 Ratings ", 97 Reviews,"₹1,06,699","₹1,39,900"
495,"APPLE iPhone 13 ((PRODUCT)RED, 512 GB)",4.7,"2,15,507 Ratings "," 11,317 Reviews","₹91,999","₹99,900"
496,"APPLE iPhone 13 Pro (Alpine Green, 1 TB)",4.7,"1,452 Ratings ", 121 Reviews,"₹1,45,199","₹1,69,900"
497,"OnePlus Nord CE 3 Lite 5G (Lime, 256 GB)",4.4,358 Ratings , 44 Reviews,,
498,"POCO F3 GT 5G (Predator Black, 128 GB)",4.3,"4,736 Ratings ", 763 Reviews,"₹32,999",
499,"APPLE iPhone 13 Pro (Gold, 256 GB)",4.7,"1,452 Ratings ", 121 Reviews,"₹1,29,900",
500,"OPPO Find N2 Flip (Astral Black, 256 GB)",4.3,180 Ratings , 30 Reviews,"₹89,999","₹99,999"
501,"OnePlus 9 5G (Arctic Sky, 128 GB)",3.9,340 Ratings , 35 Reviews,"₹33,921","₹49,999"
502,"OnePlus 9 5G (Astral Black, 128 GB)",3.9,340 Ratings , 35 Reviews,"₹34,990","₹49,999"
503,"Mi 11X (Cosmic Black, 128 GB)",4.2,"2,422 Ratings ", 246 Reviews,"₹24,990","₹29,999"
504,"realme GT 2 Pro (Steel Black, 128 GB)",4.2,"2,834 Ratings ", 431 Reviews,"₹49,999","₹57,999"
505,"APPLE iPhone 13 mini (Pink, 512 GB)",4.5,"3,309 Ratings ", 287 Reviews,"₹89,999","₹94,900"
506,"SAMSUNG Galaxy M52 5G (Icy Blue, 128 GB)",4.2,"1,488 Ratings ", 156 Reviews,"₹34,999",
507,"APPLE iPhone 13 Pro Max (Silver, 1 TB)",4.6,"1,878 Ratings ", 179 Reviews,"₹1,56,199","₹1,79,900"
508,"APPLE iPhone 13 Pro (Graphite, 1 TB)",4.7,"1,452 Ratings ", 121 Reviews,"₹1,45,199","₹1,69,900"
509,"SAMSUNG Galaxy S22 Ultra 5G (Burgundy, 512 GB)",4.1,80 Ratings , 7 Reviews,"₹1,42,999",
510,"vivo X70 Pro+ (Enigma Black, 256 GB)",4.5,523 Ratings , 110 Reviews,"₹59,999","₹84,990"
511,"SAMSUNG Galaxy M14 5G (Berry Blue, 128 GB)",4.2,33 Ratings , 4 Reviews,"₹17,990",
512,"SAMSUNG Galaxy M14 5G (Berry Blue, 128 GB)",4.3,87 Ratings , 4 Reviews,"₹18,990",
513,"SAMSUNG Galaxy M14 5G (Smoky Teal, 128 GB)",4.2,33 Ratings , 4 Reviews,"₹17,990",
514,"SAMSUNG Galaxy M14 5G (ICY Silver, 128 GB)",4.2,33 Ratings , 4 Reviews,"₹17,990",
515,"SAMSUNG Galaxy Z Flip4 5G (Bora Purple, 256 GB)",3.7,191 Ratings , 17 Reviews,"₹94,999","₹1,06,999"
516,"APPLE iPhone 13 (Midnight, 512 GB)",4.7,"2,15,507 Ratings "," 11,317 Reviews","₹91,999","₹99,900"
517,"realme GT 2 Pro (Paper White, 256 GB)",4.4,674 Ratings , 104 Reviews,"₹57,999","₹66,999"
518,"APPLE iPhone 14 Pro Max (Silver, 256 GB)",4.7,"1,310 Ratings ", 101 Reviews,"₹1,37,999","₹1,49,900"
519,"realme GT 2 Pro (Paper Green, 256 GB)",4.4,674 Ratings , 104 Reviews,"₹57,999","₹66,999"
520,"OPPO Reno7 5G (Startrails Blue, 256 GB)",4.2,"17,605 Ratings "," 2,225 Reviews","₹28,999","₹37,990"
521,"SAMSUNG Galaxy A54 5G (Awesome Graphite, 128 GB)",4.3,246 Ratings , 24 Reviews,"₹38,999","₹41,999"
522,"APPLE iPhone 13 Pro Max (Silver, 512 GB)",4.6,"1,878 Ratings ", 179 Reviews,"₹1,35,199","₹1,59,900"
523,"APPLE iPhone 13 Pro Max (Silver, 256 GB)",4.6,"1,878 Ratings ", 179 Reviews,"₹1,39,900",
524,"APPLE iPhone 14 Pro Max (Silver, 1 TB)",4.7,"1,310 Ratings ", 101 Reviews,"₹1,77,999","₹1,89,900"
525,"IQOO 9T 5G (LEGEND, 128 GB)",4.1,59 Ratings , 7 Reviews,"₹49,499","₹54,800"
526,"Mi 11X Pro 5G (Cosmic Black, 128 GB)",4,491 Ratings , 37 Reviews,"₹28,790","₹47,999"
527,"SAMSUNG Galaxy A34 5G (Awesome Violet, 128 GB)",4.2,404 Ratings , 38 Reviews,"₹30,990","₹32,999"
528,"APPLE iPhone 13 (Starlight, 512 GB)",4.7,"2,15,507 Ratings "," 11,317 Reviews","₹91,999","₹99,900"
529,"OPPO Reno7 Pro 5G (Startrails Blue, 256 GB)",4.3,"8,407 Ratings "," 1,095 Reviews",,
530,"Tecno Spark 10 5G (Meta Blue, 4 GB)",,,,"₹14,990","₹14,999"
531,"SAMSUNG M32 5G (Sky blue, 128 GB)",4.1,"3,923 Ratings ", 288 Reviews,"₹18,399","₹23,999"
532,"APPLE iPhone 12 mini (Black, 128 GB)",4.5,"1,27,963 Ratings "," 10,234 Reviews","₹55,999","₹64,900"
533,"APPLE iPhone 13 Pro Max (Graphite, 256 GB)",4.6,"1,878 Ratings ", 179 Reviews,"₹1,39,900",
534,"SAMSUNG A52s (Black, 128 GB)",4.4,15 Ratings , 1 Reviews,"₹40,999",
535,"SAMSUNG Galaxy A34 5G (Awesome Lime, 256 GB)",4.2,404 Ratings , 38 Reviews,"₹32,999","₹39,999"
536,"OPPO F19 Pro+ 5G (Fluid Black, 128 GB)",4.4,"31,112 Ratings "," 3,154 Reviews",,
537,"SAMSUNG Galaxy Z Flip4 5G (Bora Purple, 128 GB)",3.7,191 Ratings , 17 Reviews,"₹89,999","₹1,01,999"
538,"SAMSUNG Galaxy S22 5G (Phantom White, 256 GB)",4.3,238 Ratings , 31 Reviews,"₹70,999",
539,"SAMSUNG Galaxy S22 5G (Green, 256 GB)",4.3,238 Ratings , 31 Reviews,"₹65,999",
540,"IQOO Neo 7 (Frost Blue, 256 GB)",,,,"₹34,490","₹38,999"
541,"APPLE iPhone 13 mini (Midnight, 256 GB)",4.5,"3,309 Ratings ", 287 Reviews,"₹71,999","₹74,900"
542,"11 Lite NE (Jazz Blue, 128 GB)",4,55 Ratings , 7 Reviews,"₹22,999","₹31,999"
543,"Xiaomi 11Lite NE (Jazz Blue, 128 GB)",4.2,"1,726 Ratings ", 184 Reviews,"₹24,999","₹33,999"
544,"APPLE iPhone 14 Pro (Space Black, 1 TB)",4.7,"1,167 Ratings ", 91 Reviews,"₹1,69,999","₹1,79,900"
545,"SAMSUNG Galaxy A53 (Awesome White, 128 GB)",4,738 Ratings , 82 Reviews,"₹31,999","₹38,990"
546,"OnePlus 9RT 5G (Hacker Black, 128 GB)",4.3,514 Ratings , 54 Reviews,"₹36,999","₹42,999"
547,"SAMSUNG Galaxy M14 5G (Smoky Teal, 128 GB)",4.3,87 Ratings , 4 Reviews,"₹18,990",
548,"realme X50 Pro 5G (Rust Red, 256 GB)",4.3,779 Ratings , 125 Reviews,"₹47,999",
549,"SAMSUNG Galaxy A52s 5G (Awesome Mint, 128 GB)",4.2,"2,651 Ratings ", 334 Reviews,"₹39,990","₹40,999"
550,"SAMSUNG Galaxy S22 Plus 5G (Green, 256 GB)",4.5,"2,995 Ratings ", 337 Reviews,"₹88,999","₹1,05,999"
551,"IQOO 9 Pro 5G (Dark Cruise, 256 GB)",,,,"₹49,990","₹79,999"
552,"IQOO 9 Pro 5G (Dark Cruise, 256 GB)",3.8,13 Ratings , 0 Reviews,"₹44,990","₹74,999"
553,"Xiaomi 11Lite NE (Jazz Blue, 128 GB)",4.2,"1,726 Ratings ", 184 Reviews,"₹24,999","₹33,999"
554,"11 Lite NE (Jazz Blue, 128 GB)",4,55 Ratings , 7 Reviews,"₹22,999","₹31,999"
555,"APPLE iPhone 14 Pro (Space Black, 1 TB)",4.7,"1,167 Ratings ", 91 Reviews,"₹1,69,999","₹1,79,900"
556,"SAMSUNG Galaxy A53 (Awesome White, 128 GB)",4,738 Ratings , 82 Reviews,"₹31,999","₹38,990"
557,"APPLE iPhone 13 mini (Midnight, 256 GB)",4.5,"3,309 Ratings ", 287 Reviews,"₹71,999","₹74,900"
558,"OnePlus 9RT 5G (Hacker Black, 128 GB)",4.3,514 Ratings , 54 Reviews,"₹36,999","₹42,999"
559,"IQOO 9 Pro 5G (Legend, 256 GB)",,,,"₹49,990","₹79,999"
560,"realme X50 Pro 5G (Rust Red, 256 GB)",4.3,779 Ratings , 125 Reviews,"₹47,999",
561,"SAMSUNG A52s 5G (Awesome Black, 128 GB)",4.1,17 Ratings , 0 Reviews,"₹38,999",
562,"APPLE iPhone 13 Pro Max (Alpine Green, 128 GB)",4.6,"1,878 Ratings ", 179 Reviews,"₹1,29,900",
563,"IQOO 9 Pro 5G (Dark Cruise, 256 GB)",,,,"₹49,990","₹79,999"
564,"APPLE iPhone 13 Pro (Silver, 1 TB)",4.7,"1,452 Ratings ", 121 Reviews,"₹1,45,199","₹1,69,900"
565,"APPLE iPhone 13 Pro Max (Sierra Blue, 512 GB)",4.6,"1,878 Ratings ", 179 Reviews,"₹1,35,199","₹1,59,900"
566,"SAMSUNG Galaxy S22 ultra 5G (Burgundy, 256 GB)",4.1,80 Ratings , 7 Reviews,"₹1,09,890","₹1,31,999"
567,"APPLE iPhone 14 ((PRODUCT)RED, 512 GB)",4.6,"32,503 Ratings "," 1,262 Reviews","₹1,01,999","₹1,09,900"
568,"APPLE iPhone 14 (Starlight, 512 GB)",4.6,"32,503 Ratings "," 1,262 Reviews","₹1,01,999","₹1,09,900"
569,"SAMSUNG Galaxy S22 Plus 5G (Green, 256 GB)",4.5,"2,995 Ratings ", 337 Reviews,"₹88,999","₹1,05,999"
570,"IQOO 9 Pro 5G (Legend, 256 GB)",3.8,13 Ratings , 0 Reviews,"₹48,990","₹64,999"
571,"APPLE iPhone 13 Pro (Gold, 1 TB)",4.7,"1,452 Ratings ", 121 Reviews,"₹1,45,199","₹1,69,900"
572,"APPLE iPhone 13 mini (Pink, 256 GB)",4.5,"3,309 Ratings ", 287 Reviews,"₹71,999","₹74,900"
573,"APPLE iPhone 13 Pro Max (Alpine Green, 1 TB)",4.6,"1,878 Ratings ", 179 Reviews,"₹1,56,199","₹1,79,900"
574,"SAMSUNG Galaxy Z Flip4 5G (Pink Gold, 256 GB)",3.7,191 Ratings , 17 Reviews,"₹94,999","₹1,06,999"
575,"IQOO 9T 5G (LEGEND, 128 GB)",4.1,59 Ratings , 7 Reviews,"₹49,499","₹50,999"
576,"SAMSUNG Galaxy Z Fold3 5G (Phantom Green, 256 GB)",4.1,95 Ratings , 5 Reviews,"₹1,49,999","₹1,71,999"
577,"SAMSUNG Galaxy A34 5G (Awesome Silver, 128 GB)",4.6,5 Ratings , 0 Reviews,"₹30,299","₹32,999"
578,"APPLE iPhone 13 Pro (Sierra Blue, 1 TB)",4.7,"1,452 Ratings ", 121 Reviews,"₹1,45,199","₹1,69,900"
579,"OnePlus 9RT 5G (Nano Silver, 128 GB)",4.3,514 Ratings , 54 Reviews,"₹42,999",
580,"OnePlus 9RT 5G (Hacker Black, 256 GB)",4.1,268 Ratings , 26 Reviews,"₹41,990","₹48,999"
581,"OnePlus 9RT 5G (Nano Silver, 256 GB)",4.1,268 Ratings , 26 Reviews,"₹41,990","₹46,999"
582,"realme GT 5G (Dashing Blue, 128 GB)",4.3,496 Ratings , 81 Reviews,"₹37,999","₹40,999"
583,"APPLE iPhone 13 Pro (Graphite, 256 GB)",4.7,"1,452 Ratings ", 121 Reviews,"₹1,29,900",
584,"APPLE iPhone 13 Pro Max (Alpine Green, 256 GB)",4.6,"1,878 Ratings ", 179 Reviews,"₹1,39,900",
585,"vivo Y56 A 5G (Black, 128 GB)",4.1,14 Ratings , 1 Reviews,"₹19,969","₹25,999"
586,"realme GT Neo 3 (Nitro Blue, 256 GB)",4.1,876 Ratings , 140 Reviews,"₹38,999","₹41,999"
587,"APPLE iPhone 12 Pro Max (Silver, 512 GB)",4.5,"1,268 Ratings ", 102 Reviews,"₹1,23,299","₹1,49,900"
588,"SAMSUNG Galaxy S23 Ultra 5G (Cream, 512 GB)",4.3,544 Ratings , 71 Reviews,"₹1,34,999","₹1,61,999"
589,"SAMSUNG Galaxy S22 Ultra 5G (Phantom White, 256 GB)",4.1,80 Ratings , 7 Reviews,"₹1,31,999",
590,"SAMSUNG Galaxy S22 Ultra 5G (Burgundy, 256 GB)",4.1,80 Ratings , 7 Reviews,"₹94,999","₹1,17,000"
591,"OPPO F21 Pro 5G (Rainbow Spectrum, 128 GB)",4.2,992 Ratings , 93 Reviews,,
592,"SAMSUNG Galaxy A34 5G (Awesome Lime, 128 GB)",4.6,5 Ratings , 0 Reviews,"₹30,299","₹32,999"
593,"SAMSUNG Galaxy S22 5G (White, 128 GB)",4.3,238 Ratings , 31 Reviews,"₹65,999",
594,"SAMSUNG Galaxy Z Fold4 5G (Phantom Black, 256 GB)",2.9,80 Ratings , 8 Reviews,"₹1,54,999","₹1,77,999"
595,"SAMSUNG Galaxy M52 5G (Blazing Black, 128 GB)",4.2,"2,357 Ratings ", 248 Reviews,,
596,"OnePlus 9 Pro 5G (Stellar Black, 128 GB)",4.3,192 Ratings , 19 Reviews,"₹49,990","₹64,999"
597,"SAMSUNG Galaxy A34 5G (Awesome Graphite, 128 GB)",4.6,5 Ratings , 0 Reviews,"₹30,200","₹32,999"
598,"Unihertz TickTock (Graphite, 128 GB)",,,,"₹63,999","₹79,999"
599,"APPLE iPhone 13 Pro Max (Sierra Blue, 1 TB)",4.6,"1,878 Ratings ", 179 Reviews,"₹1,56,199","₹1,79,900"
600,"SAMSUNG Galaxy S22 5G (Phantom Black, 256 GB)",4.3,238 Ratings , 31 Reviews,"₹65,999",
601,"SAMSUNG Galaxy M52 5G (Blazing Black, 128 GB)",4.2,"1,488 Ratings ", 156 Reviews,,
602,"SAMSUNG Galaxy Z Fold4 5G (Phantom Black, 512 GB)",2.9,80 Ratings , 8 Reviews,"₹1,64,999","₹1,87,999"
603,"SAMSUNG Galaxy Z Fold3 5G (Phantom Black, 256 GB)",4.1,95 Ratings , 5 Reviews,"₹1,61,000","₹1,71,999"
604,"SAMSUNG Galaxy S22 Ultra 5G (Phantom Black, 256 GB)",4.1,80 Ratings , 7 Reviews,"₹1,09,999","₹1,31,999"
605,"vivo X80 Pro (Cosmic Black, 256 GB)",4.4,742 Ratings , 157 Reviews,"₹79,999","₹86,999"
606,"SAMSUNG Galaxy A52s 5G (Awesome White, 128 GB)",4.2,"2,651 Ratings ", 334 Reviews,"₹37,999",
607,"SAMSUNG Galaxy S22 ultra 5G (Burgundy, 256 GB)",4.1,80 Ratings , 7 Reviews,"₹1,30,376",
608,"IQOO Z6 Lite 5G (Mystic Night, 64 GB)",4.2,325 Ratings , 16 Reviews,"₹14,949","₹15,999"
609,"Xiaomi 12 Pro 5G (Couture Blue, 256 GB)",4.2,198 Ratings , 30 Reviews,"₹42,975","₹79,999"
610,"OPPO F23 5G | 64MP Rear Triple AI Camera | 6.72"" FHD+ 120Hz Display (Cool Black, 256 GB)",,,,"₹23,999","₹28,999"
611,"SAMSUNG Galaxy M52 5G (Icy Blue, 128 GB)",4.2,"2,357 Ratings ", 248 Reviews,,
612,"POCO C51 (Royal Blue, 64 GB)",4.4,"6,856 Ratings ", 191 Reviews,"₹7,249","₹9,999"
613,"Infinix SMART 7 (Azure Blue, 64 GB)",4.2,"20,911 Ratings "," 1,136 Reviews","₹7,299","₹9,999"
614,"Infinix SMART 7 (Night Black, 64 GB)",4.2,"20,911 Ratings "," 1,136 Reviews","₹7,299","₹9,999"
615,"Infinix SMART 7 (Emerald Green, 64 GB)",4.2,"20,911 Ratings "," 1,136 Reviews","₹7,299","₹9,999"
616,"Infinix HOT 30i (Mirror Black, 64 GB)",4.2,"2,246 Ratings ", 138 Reviews,"₹8,199","₹9,999"
617,"Infinix HOT 30i (Diamond White, 128 GB)",4.2,"9,814 Ratings ", 677 Reviews,"₹9,299","₹11,999"
618,"POCO C50 (Royal Blue, 32 GB)",4.3,"24,370 Ratings "," 1,070 Reviews","₹5,749","₹8,999"
619,"Infinix HOT 30i (Glacier Blue, 64 GB)",4.2,"2,246 Ratings ", 138 Reviews,"₹8,199","₹9,999"
620,"Infinix HOT 30i (Mirror Black, 128 GB)",4.2,"9,814 Ratings ", 677 Reviews,"₹9,299","₹11,999"
621,"Infinix HOT 30i (Glacier Blue, 128 GB)",4.2,"9,814 Ratings ", 677 Reviews,"₹9,299","₹11,999"
622,"POCO M5 (Icy Blue, 64 GB)",4.3,"4,343 Ratings ", 314 Reviews,"₹8,999","₹15,999"
623,"Infinix HOT 30i (Diamond White, 64 GB)",4.2,"2,246 Ratings ", 138 Reviews,"₹8,199","₹9,999"
624,"Infinix HOT 30i (Mirror Black, 64 GB)",4.2,"2,246 Ratings ", 138 Reviews,"₹8,199","₹9,999"
625,"Infinix HOT 30i (Diamond White, 128 GB)",4.2,"9,814 Ratings ", 677 Reviews,"₹9,299","₹11,999"
626,"POCO C50 (Royal Blue, 32 GB)",4.3,"24,370 Ratings "," 1,070 Reviews","₹5,749","₹8,999"
627,"Infinix HOT 30i (Glacier Blue, 128 GB)",4.2,"9,814 Ratings ", 677 Reviews,"₹9,299","₹11,999"
628,"Infinix HOT 30i (Glacier Blue, 64 GB)",4.2,"2,246 Ratings ", 138 Reviews,"₹8,199","₹9,999"
629,"Infinix HOT 30i (Mirror Black, 128 GB)",4.2,"9,814 Ratings ", 677 Reviews,"₹9,299","₹11,999"
630,"Infinix HOT 30i (Diamond White, 64 GB)",4.2,"2,246 Ratings ", 138 Reviews,"₹8,199","₹9,999"
631,"POCO M5 (Icy Blue, 64 GB)",4.3,"4,343 Ratings ", 314 Reviews,"₹8,999","₹15,999"
632,"POCO C51 (Power Black, 64 GB)",4.4,"6,856 Ratings ", 191 Reviews,"₹7,249","₹9,999"
633,"POCO M5 (Power Black, 64 GB)",4.3,"4,343 Ratings ", 314 Reviews,"₹8,999","₹15,999"
634,"MOTOROLA e13 (Aurora Green, 64 GB)",4,"18,107 Ratings "," 1,527 Reviews","₹7,499","₹10,999"
635,"POCO C50 (Country Green, 32 GB)",4.1,"8,423 Ratings ", 521 Reviews,"₹6,499","₹9,999"
636,"POCO C50 (Royal Blue, 32 GB)",4.1,"8,423 Ratings ", 521 Reviews,"₹6,499","₹9,999"
637,"REDMI 10 (Caribbean Green, 64 GB)",4.3,"2,24,484 Ratings "," 13,886 Reviews","₹9,499","₹14,999"
638,"POCO C55 (Cool Blue, 64 GB)",4.2,"15,123 Ratings ", 798 Reviews,"₹7,999","₹11,999"
639,"POCO C50 (Country Green, 32 GB)",4.3,"24,370 Ratings "," 1,070 Reviews","₹5,749","₹8,999"
640,"REDMI 10 (Midnight Black, 64 GB)",4.3,"2,24,484 Ratings "," 13,886 Reviews","₹9,499","₹14,999"
641,"POCO C55 (Cool Blue, 128 GB)",4.1,"9,862 Ratings ", 513 Reviews,"₹9,499","₹13,999"
642,"MOTOROLA e13 (Cosmic Black, 64 GB)",4,"18,107 Ratings "," 1,527 Reviews","₹7,499","₹10,999"
643,"POCO C55 (Power Black, 128 GB)",4.1,"9,862 Ratings ", 513 Reviews,"₹9,499","₹13,999"
644,"realme C33 2023 (Night Sea, 64 GB)",4.5,"6,542 Ratings ", 184 Reviews,"₹9,999","₹12,999"
645,"REDMI 10 (Caribbean Green, 128 GB)",4.2,"32,460 Ratings "," 2,190 Reviews","₹10,999","₹16,999"
646,"realme C33 2023 (Sandy Gold, 64 GB)",4.5,"6,542 Ratings ", 184 Reviews,"₹9,999","₹12,999"
647,"realme C33 2023 (Aqua Blue, 64 GB)",4.5,"6,542 Ratings ", 184 Reviews,"₹9,999","₹12,999"
648,"realme C30 (Denim Black, 32 GB)",4.2,"1,01,904 Ratings "," 5,455 Reviews","₹5,999","₹8,499"
649,"realme C30 (Bamboo Green, 32 GB)",4.1,"50,218 Ratings "," 3,116 Reviews","₹6,499","₹9,299"
650,"REDMI 10 (Caribbean Green, 128 GB)",4.2,"32,460 Ratings "," 2,190 Reviews","₹10,999","₹16,999"
651,"Infinix HOT 20 Play (Fantasy Purple, 64 GB)",4.4,"21,301 Ratings "," 1,123 Reviews","₹8,199","₹11,999"
652,"Infinix HOT 20 Play (Luna Blue, 64 GB)",4.4,"21,301 Ratings "," 1,123 Reviews","₹8,199","₹11,999"
653,"Infinix HOT 20 Play (Aurora Green, 64 GB)",4.4,"21,301 Ratings "," 1,123 Reviews","₹8,199","₹11,999"
654,"REDMI A1+ (Light Blue, 32 GB)",4.2,"2,806 Ratings ", 105 Reviews,"₹6,299","₹9,999"
655,"realme C30 (Denim Black, 32 GB)",4.1,"50,218 Ratings "," 3,116 Reviews","₹6,499","₹9,299"
656,"realme C30 (Lake Blue, 32 GB)",4.1,"50,218 Ratings "," 3,116 Reviews","₹6,499","₹9,299"
657,"POCO C55 (Forest Green, 128 GB)",4.1,"9,862 Ratings ", 513 Reviews,"₹9,499","₹13,999"
658,"Infinix HOT 20 Play (Racing Black, 64 GB)",4.4,"21,301 Ratings "," 1,123 Reviews","₹8,199","₹11,999"
659,"REDMI 9 Activ (Coral Green, 128 GB)",4.2,"5,548 Ratings ", 357 Reviews,"₹9,499","₹12,999"
660,"REDMI 9 Activ (Carbon Black, 128 GB)",4.2,"5,548 Ratings ", 357 Reviews,"₹9,499","₹12,999"
661,"POCO C55 (Power Black, 64 GB)",4.2,"15,123 Ratings ", 798 Reviews,"₹7,999","₹11,999"
662,"MOTOROLA e13 (Creamy White, 64 GB)",4,"18,107 Ratings "," 1,527 Reviews","₹7,499","₹10,999"
663,"REDMI 10 (Pacific Blue, 128 GB)",4.2,"32,460 Ratings "," 2,190 Reviews","₹10,999","₹16,999"
664,"REDMI 10 (Pacific Blue, 64 GB)",4.3,"2,24,484 Ratings "," 13,886 Reviews","₹9,499","₹14,999"
665,"SAMSUNG Galaxy M04 (Light Green, 64 GB)",4.1,"1,628 Ratings ", 104 Reviews,"₹8,037","₹11,999"
666,"POCO M5 (Icy Blue, 128 GB)",4.2,"2,376 Ratings ", 152 Reviews,"₹10,999","₹18,999"
667,"POCO C55 (Forest Green, 64 GB)",4.2,"15,123 Ratings ", 798 Reviews,"₹7,999","₹11,999"
668,"REDMI 10 (Shadow Black, 64 GB)",4.3,"2,24,484 Ratings "," 13,886 Reviews","₹9,499","₹14,999"
669,"SAMSUNG Galaxy M04 (Dark Blue, 64 GB)",4.1,"1,628 Ratings ", 104 Reviews,"₹8,060","₹11,499"
670,"realme C33 2023 (Sandy Gold, 128 GB)",4.5,"6,542 Ratings ", 184 Reviews,"₹10,499","₹13,999"
671,"realme C33 2023 (Aqua Blue, 128 GB)",4.5,"6,542 Ratings ", 184 Reviews,"₹10,499","₹13,999"
672,"realme C33 2023 (Aqua Blue, 128 GB)",4.5,"6,542 Ratings ", 184 Reviews,"₹10,499","₹13,999"
673,"REDMI A1+ (Light Green, 32 GB)",4.2,"2,806 Ratings ", 105 Reviews,"₹6,299","₹9,999"
674,"REDMI A1+ (Black, 32 GB)",4.2,"2,806 Ratings ", 105 Reviews,"₹6,299","₹9,999"
675,"realme C33 2023 (Night Sea, 128 GB)",4.5,"6,542 Ratings ", 184 Reviews,"₹10,499","₹13,999"
676,"SAMSUNG Galaxy F13 (Waterfall Blue, 128 GB)",4.3,"1,44,422 Ratings "," 8,295 Reviews","₹10,699","₹16,999"
677,"POCO M4 Pro (Cool Blue, 128 GB)",4.3,"18,641 Ratings "," 1,527 Reviews","₹14,499","₹21,999"
678,"REDMI Note 12 (Ice Blue, 64 GB)",4.1,"2,946 Ratings ", 251 Reviews,"₹14,999","₹18,999"
679,"REDMI 10 (Midnight Black, 128 GB)",4.2,"32,460 Ratings "," 2,190 Reviews","₹10,999","₹16,999"
680,"SAMSUNG Galaxy F13 (Waterfall Blue, 64 GB)",4.3,"1,44,422 Ratings "," 8,295 Reviews","₹9,699","₹14,999"
681,"SAMSUNG Galaxy F04 (Opal Green, 64 GB)",4.3,"15,803 Ratings ", 749 Reviews,"₹7,499","₹11,499"
682,"SAMSUNG Galaxy F13 (Nightsky Green, 128 GB)",4.3,"1,44,422 Ratings "," 8,295 Reviews","₹10,699","₹16,999"
683,"REDMI A1 (Light Blue, 32 GB)",4.2,"6,801 Ratings ", 343 Reviews,"₹6,224","₹8,999"
684,"MOTOROLA e13 (Aurora Green, 64 GB)",4,"2,341 Ratings ", 213 Reviews,"₹6,999","₹9,999"
685,"SAMSUNG Galaxy F13 (Nightsky Green, 64 GB)",4.3,"1,44,422 Ratings "," 8,295 Reviews","₹9,699","₹14,999"
686,"POCO M5 (Power Black, 128 GB)",4.2,"2,376 Ratings ", 152 Reviews,"₹10,999","₹18,999"
687,"Infinix Hot 11S (Green Wave, 128 GB)",4.3,"50,250 Ratings "," 5,309 Reviews","₹8,999","₹14,999"
688,"REDMI A1 (Light Green, 32 GB)",4.2,"6,801 Ratings ", 343 Reviews,"₹6,150","₹8,999"
689,"Infinix Smart 6 HD (Origin Blue, 32 GB)",4.3,"31,181 Ratings "," 1,759 Reviews","₹5,999","₹8,999"
690,"Infinix Smart 6 HD (Force Black, 32 GB)",4.3,"31,181 Ratings "," 1,759 Reviews","₹5,999","₹8,999"
691,"Infinix Smart 6 HD (Aqua Sky, 32 GB)",4.3,"31,181 Ratings "," 1,759 Reviews","₹5,999","₹8,999"
692,"realme C33 (Sandy Gold, 32 GB)",4.4,"23,983 Ratings ", 988 Reviews,"₹8,999","₹11,999"
693,"realme C33 (Aqua Blue, 32 GB)",4.4,"23,983 Ratings ", 988 Reviews,"₹8,999","₹11,999"
694,"realme C33 (Night Sea, 32 GB)",4.4,"23,983 Ratings ", 988 Reviews,"₹8,999","₹11,999"
695,"POCO C31 (Royal Blue, 32 GB)",4.3,"1,43,585 Ratings "," 9,013 Reviews","₹6,999","₹10,999"
696,"Infinix Smart 7 HD (Green Apple, 64 GB)",4.5,"2,102 Ratings ", 113 Reviews,"₹6,199","₹7,999"
697,"POCO M5 (Yellow, 128 GB)",4.2,"2,376 Ratings ", 152 Reviews,"₹10,999","₹18,999"
698,"MOTOROLA e13 (Cosmic Black, 64 GB)",4,"2,341 Ratings ", 213 Reviews,"₹6,999","₹9,999"
699,"SAMSUNG Galaxy F04 (Jade Purple, 64 GB)",4.3,"15,803 Ratings ", 749 Reviews,"₹7,499","₹11,499"
700,"REDMI A1+ (Black, 32 GB)",4,793 Ratings , 52 Reviews,"₹7,299","₹10,999"
701,"POCO C31 (Shadow Gray, 32 GB)",4.3,"1,43,585 Ratings "," 9,013 Reviews","₹6,999","₹10,999"
702,"SAMSUNG Galaxy F13 (Sunrise Copper, 128 GB)",4.3,"1,44,422 Ratings "," 8,295 Reviews","₹10,699","₹16,999"
703,"Realme C30 - Locked with Airtel Prepaid (Denim Black, 32 GB)",4.2,"1,01,904 Ratings "," 5,455 Reviews","₹5,549","₹8,499"
704,"Infinix Hot 12 (Turquoise Cyan, 64 GB)",4.2,"26,000 Ratings "," 1,774 Reviews","₹8,499","₹12,999"
705,"Infinix Hot 12 (7° Purple, 64 GB)",4.2,"26,000 Ratings "," 1,774 Reviews","₹8,499","₹12,999"
706,"Infinix Hot 12 (Polar Black, 64 GB)",4.2,"26,000 Ratings "," 1,774 Reviews","₹8,499","₹12,999"
707,"Infinix Hot 12 (Exploratory Blue, 64 GB)",4.2,"26,000 Ratings "," 1,774 Reviews","₹8,499","₹12,999"
708,"REDMI A1+ (Light Blue, 32 GB)",4,793 Ratings , 52 Reviews,"₹7,299","₹10,999"
709,"realme C21 (Cross Black, 32 GB)",4.4,"72,154 Ratings "," 3,922 Reviews","₹7,999","₹9,999"
710,"realme C21 (Cross Black, 64 GB)",4.4,"1,48,326 Ratings "," 7,123 Reviews","₹8,999","₹10,999"
711,"Infinix Note 11s (Haze Green, 64 GB)",4.3,"12,178 Ratings "," 1,588 Reviews","₹10,999","₹16,999"
712,"REDMI A1+ (Light Green, 32 GB)",4,793 Ratings , 52 Reviews,"₹7,299","₹10,999"
713,"vivo T1 44W (Starry Sky, 128 GB)",4.4,"59,039 Ratings "," 4,123 Reviews","₹15,999","₹20,990"
714,"vivo T1 44W (Midnight Galaxy, 128 GB)",4.4,"59,039 Ratings "," 4,123 Reviews","₹15,999","₹20,990"
715,"vivo T1 44W (Starry Sky, 128 GB)",4.5,"1,03,288 Ratings "," 6,815 Reviews","₹14,499","₹19,990"
716,"vivo T1 44W (Midnight Galaxy, 128 GB)",4.5,"1,03,288 Ratings "," 6,815 Reviews","₹14,499","₹19,990"
717,"OPPO A17 (Lake Blue, 64 GB)",4.4,"5,528 Ratings ", 216 Reviews,"₹12,499","₹14,999"
718,"itel A23S (Sky Black, 32 GB)",3.6,211 Ratings , 14 Reviews,"₹4,649","₹5,999"
719,"vivo T1 44W (Midnight Galaxy, 128 GB)",4.3,"6,734 Ratings ", 527 Reviews,"₹17,999","₹23,990"
720,"SAMSUNG Galaxy S20 FE 5G (Cloud Mint, 128 GB)",4.2,526 Ratings , 40 Reviews,"₹27,453","₹74,999"
721,"MOTOROLA e13 (Creamy White, 64 GB)",4,"2,341 Ratings ", 213 Reviews,"₹6,999","₹9,999"
722,"vivo T1 44W (Starry Sky, 128 GB)",4.3,"6,734 Ratings ", 527 Reviews,"₹23,990",
723,"SAMSUNG GALAXY M13 (Midnight Blue, 128 GB)",4.2,645 Ratings , 39 Reviews,"₹12,884","₹17,999"
724,"OPPO A17 (Sunlight Orange, 64 GB)",4.4,"5,528 Ratings ", 216 Reviews,"₹12,499","₹14,999"
725,"OPPO A17 (Midnight Black, 64 GB)",4.4,"5,528 Ratings ", 216 Reviews,"₹12,499","₹14,999"
726,"OPPO A17k (Blue, 64 GB)",4.5,"4,131 Ratings ", 104 Reviews,"₹9,499","₹12,999"
727,"Tecno Pova 3 (Eco Black, 64 GB)",4.3,975 Ratings , 54 Reviews,"₹10,394","₹14,499"
728,"SAMSUNG Galaxy M04 (Dark Blue, 128 GB)",4.1,"1,628 Ratings ", 104 Reviews,"₹9,027","₹13,499"
729,"vivo Y35 (Dawn Gold, 128 GB)",4.4,"2,728 Ratings ", 182 Reviews,"₹17,499","₹22,999"
730,"vivo Y35 (Agate Black, 128 GB)",4.4,"2,728 Ratings ", 182 Reviews,"₹17,499","₹22,999"
731,"itel A49 (Sky Cyan, 32 GB)",4.2,800 Ratings , 42 Reviews,"₹5,699","₹6,799"
732,"SAMSUNG GALAXY M13 (Aqua Green, 64 GB)",4.2,"3,231 Ratings ", 195 Reviews,"₹10,425","₹14,999"
733,"OPPO A17 (Lake Blue, 64 GB)",4.4,"5,528 Ratings ", 216 Reviews,"₹11,962","₹14,999"
734,"vivo Z1x (Fusion Blue, 128 GB)",4.5,"12,765 Ratings "," 1,530 Reviews","₹15,990","₹18,990"
735,"Tecno Pova 3 (Electric Blue, 64 GB)",4.3,975 Ratings , 54 Reviews,"₹11,997","₹14,499"
736,"Tecno Spark Go 2023 (UYUNI BLUE, 64 GB)",4.3,12 Ratings , 1 Reviews,"₹8,579","₹9,999"
737,"Tecno Spark Go 2023 (Endless Black, 64 GB)",4.3,12 Ratings , 1 Reviews,"₹8,695","₹9,999"
738,"Tecno Spark Go 2023 (UYUNI BLUE, 32+3 GB)",4.6,35 Ratings , 4 Reviews,"₹7,008","₹8,299"
739,"realme Narzo 50i Prime (Dark Blue, 64 GB)",4.1,258 Ratings , 12 Reviews,"₹8,342","₹9,999"
740,"realme Narzo 50i Prime (Dark Blue, 32 GB)",4.3,44 Ratings , 3 Reviews,"₹7,668","₹8,999"
741,"Tecno Pop 5 Pro (Ice Blue, 32 GB)",4.2,551 Ratings , 42 Reviews,"₹7,079","₹10,999"
742,"Tecno Pop 5 Pro (Deepsea Luster, 32 GB)",4.2,551 Ratings , 42 Reviews,"₹6,970","₹10,999"
743,"vivo Y33s (Mirror Black, 128 GB)",4.3,"12,685 Ratings "," 1,136 Reviews","₹16,350","₹21,990"
744,"itel A49 (Sky Cyan, 32 GB)",4.2,800 Ratings , 42 Reviews,"₹5,699","₹6,799"
745,"OPPO A17 (Lake Blue, 64 GB)",4.4,"5,528 Ratings ", 216 Reviews,"₹11,962","₹14,999"
746,"SAMSUNG GALAXY M13 (Aqua Green, 64 GB)",4.2,"3,231 Ratings ", 195 Reviews,"₹10,425","₹14,999"
747,"Tecno Spark Go 2023 (Endless Black, 64 GB)",4.3,12 Ratings , 1 Reviews,"₹8,695","₹9,999"
748,"Tecno Spark Go 2023 (UYUNI BLUE, 64 GB)",4.3,12 Ratings , 1 Reviews,"₹8,579","₹9,999"
749,"Tecno Pova 3 (Electric Blue, 64 GB)",4.3,975 Ratings , 54 Reviews,"₹11,997","₹14,499"
750,"SAMSUNG GALAXY M13 (Midnight Blue, 64 GB)",4.2,"3,231 Ratings ", 195 Reviews,"₹10,878","₹14,999"
751,"realme Narzo 50i Prime (Dark Blue, 32 GB)",4.3,44 Ratings , 3 Reviews,"₹7,668","₹8,999"
752,"Tecno Pop 5 Pro (Ice Blue, 32 GB)",4.2,551 Ratings , 42 Reviews,"₹7,079","₹10,999"
753,"vivo Y33s (Mirror Black, 128 GB)",4.3,"12,685 Ratings "," 1,136 Reviews","₹16,350","₹21,990"
754,"Infinix Zero 20 (Glitter Gold, 128 GB)",4.2,"3,137 Ratings ", 399 Reviews,"₹15,999","₹24,999"
755,"vivo Y16 (Steller Black, 64 GB)",4.3,"2,118 Ratings ", 125 Reviews,"₹15,999",
756,"vivo Y16 (Steller Black, 128 GB)",4.3,"2,118 Ratings ", 125 Reviews,"₹12,999","₹16,999"
757,"realme C11 2021 (Cool Grey, 32 GB)",4.4,"2,36,101 Ratings "," 10,225 Reviews","₹5,999","₹7,999"
758,"Tecno Pop 5 Pro (Deepsea Luster, 32 GB)",4.2,551 Ratings , 42 Reviews,"₹6,969","₹10,999"
759,"realme Narzo 50i Prime (Dark Blue, 64 GB)",4.1,258 Ratings , 12 Reviews,"₹8,315","₹9,999"
760,"Tecno Spark Go 2023 (Endless Black, 32+3 GB)",4.6,35 Ratings , 4 Reviews,"₹7,070","₹8,299"
761,"vivo Y16 (Steller Black, 64 GB)",4.2,"2,310 Ratings ", 132 Reviews,"₹13,999",
762,"Tecno Pova 3 (Tech Silver, 64 GB)",4.3,975 Ratings , 54 Reviews,"₹10,364","₹14,999"
763,"realme C11 2021 (Cool Grey, 64 GB)",4.3,"2,09,352 Ratings "," 11,299 Reviews","₹7,499","₹9,999"
764,"Infinix Smart 7 HD (Jade White, 64 GB)",4.5,"2,102 Ratings ", 113 Reviews,"₹6,199","₹7,999"
765,"Infinix Smart 7 HD (Ink Black, 64 GB)",4.5,"2,102 Ratings ", 113 Reviews,"₹6,199","₹7,999"
766,"Infinix Smart 7 HD (Silk Blue, 64 GB)",4.5,"2,102 Ratings ", 113 Reviews,"₹6,199","₹7,999"
767,"Infinix Note 11 (Graphite Black, 64 GB)",4.3,"39,057 Ratings "," 4,651 Reviews","₹12,499","₹14,999"
768,"Infinix Note 11 (Glacier Green, 64 GB)",4.3,"39,057 Ratings "," 4,651 Reviews","₹12,499","₹14,999"
769,"Infinix Note 11 (Celestial Snow, 64 GB)",4.3,"39,057 Ratings "," 4,651 Reviews","₹12,499","₹14,999"
770,"vivo Y16 (Drizzling Gold, 64 GB)",4.2,"2,310 Ratings ", 132 Reviews,"₹13,999",
771,"Infinix Zero 20 (DEEP GRAY, 128 GB)",4.2,"3,137 Ratings ", 399 Reviews,"₹15,999","₹24,999"
772,"Infinix Zero 20 (Green Fantasy, 128 GB)",4.2,"3,137 Ratings ", 399 Reviews,"₹15,999","₹24,999"
773,"Infinix Note 11 (Glacier Green, 128 GB)",4.2,"11,150 Ratings "," 1,274 Reviews","₹11,499","₹16,999"
774,"Infinix Smart 6 (Starry Purple, 64 GB)",4.3,"31,985 Ratings "," 2,175 Reviews","₹6,999","₹8,999"
775,"Infinix Smart 6 (Heart Of Ocean, 64 GB)",4.3,"31,985 Ratings "," 2,175 Reviews","₹6,999","₹8,999"
776,"Infinix Smart 6 (Light Sea Green, 64 GB)",4.3,"31,985 Ratings "," 2,175 Reviews","₹6,999","₹8,999"
777,"Infinix Smart 6 (Polar Black, 64 GB)",4.3,"31,985 Ratings "," 2,175 Reviews","₹6,999","₹8,999"
778,"APPLE iPhone 11 (White, 64 GB)",4.6,"1,93,600 Ratings "," 11,147 Reviews","₹41,199","₹43,900"
779,"SAMSUNG Galaxy M13 (Aqua Green, 128 GB)",4.2,645 Ratings , 39 Reviews,"₹13,000","₹17,999"
780,"MarQ by Flipkart M3 Smart (M3) (Black,32GB)( 2GB RAM)",3.8,"1,366 Ratings ", 221 Reviews,"₹5,249","₹7,999"
781,"realme C30s (Stripe Black, 32 GB)",4.4,"5,843 Ratings ", 199 Reviews,"₹6,999","₹9,999"
782,"realme C30s (Stripe Blue, 32 GB)",4.4,"5,843 Ratings ", 199 Reviews,"₹6,999","₹9,999"
783,"Tecno Spark Go 2023 (UYUNI BLUE, 32+3 GB)",4.6,35 Ratings , 4 Reviews,"₹7,005","₹8,299"
784,"SAMSUNG Galaxy M04 (Dark Blue, 128 GB)",4.1,"1,628 Ratings ", 104 Reviews,"₹9,028","₹13,499"
785,"realme Narzo 50i (Mint Green, 64 GB)",4.3,"62,792 Ratings "," 3,496 Reviews","₹8,999",
786,"Infinix Note 12 Pro (Volcanic Grey, 256 GB)",4.2,"5,443 Ratings ", 565 Reviews,"₹16,999","₹21,999"
787,"OPPO A17k (Navy Blue, 64 GB)",4.5,"4,131 Ratings ", 104 Reviews,"₹9,499","₹12,999"
788,"OPPO A17k (Gold, 64 GB)",4.5,"4,131 Ratings ", 104 Reviews,"₹9,499","₹12,999"
789,"OPPO A17K (Navy Blue, 64 GB)",4.5,"4,131 Ratings ", 104 Reviews,"₹9,590","₹12,999"
790,"realme Narzo 50i (Mint Green, 32 GB)",4.5,"1,23,534 Ratings "," 4,920 Reviews","₹7,389","₹7,999"
791,"realme Narzo 50i (Carbon Black, 32 GB)",4.5,"1,23,534 Ratings "," 4,920 Reviews","₹7,499","₹7,999"
792,"Tecno Camon 18 (Iris Purple, 128 GB)",4.2,455 Ratings , 31 Reviews,"₹11,999","₹17,999"
793,"APPLE iPhone 11 (Black, 128 GB)",4.6,"1,93,600 Ratings "," 11,147 Reviews","₹45,199","₹48,900"
794,"SAMSUNG GALAXY M13 (Stardust Brown, 128 GB)",4.2,645 Ratings , 39 Reviews,"₹13,050","₹17,999"
795,"vivo Y16 (Drizzling Gold, 64 GB)",4.3,"2,118 Ratings ", 125 Reviews,"₹15,999",
796,"APPLE iPhone 11 (White, 128 GB)",4.6,"1,93,600 Ratings "," 11,147 Reviews","₹45,199","₹48,900"
797,"POCO C31 (Shadow Gray, 64 GB)",4.3,"2,19,708 Ratings "," 13,780 Reviews","₹8,999","₹11,999"
798,"Tecno Spark 9 (Sky Mirror, 64 GB)",4,131 Ratings , 6 Reviews,"₹8,398","₹10,999"
799,"realme C30s (Stripe Black, 64 GB)",4.2,"6,186 Ratings ", 353 Reviews,"₹8,499","₹11,999"
800,"vivo T1 44W (Ice Dawn, 128 GB)",4.4,"59,039 Ratings "," 4,123 Reviews","₹19,499","₹20,990"
801,"vivo Y75 (Dancing waves, 128 GB)",4.3,"2,507 Ratings ", 189 Reviews,"₹19,990","₹25,990"
802,"Infinix Note 12 (Force Black, 64 GB)",4.2,"26,788 Ratings "," 2,618 Reviews","₹10,999","₹15,999"
803,"Infinix Note 12 (Force Black, 128 GB)",4.2,"13,195 Ratings "," 1,247 Reviews","₹12,999","₹17,999"
804,"Infinix Note 12 Pro (Tuscany Blue, 256 GB)",4.2,"5,443 Ratings ", 565 Reviews,"₹16,999","₹21,999"
805,"SAMSUNG Galaxy A23 (Blue, 128 GB)",4.3,542 Ratings , 35 Reviews,"₹18,999","₹25,490"
806,"realme Narzo 50i Prime (Mint Green, 64 GB)",4.1,258 Ratings , 12 Reviews,"₹8,979","₹9,999"
807,"SAMSUNG GALAXY M13 (Midnight Blue, 64 GB)",4.2,"3,231 Ratings ", 195 Reviews,"₹10,599","₹14,999"
808,"Tecno Camon 19 (Sea Salt White, 128 GB)",4.2,549 Ratings , 52 Reviews,"₹13,989","₹18,499"
809,"vivo Y16 (Steller Black, 32 GB)",4.2,"2,310 Ratings ", 132 Reviews,"₹10,999",
810,"REDMI 10 Prime 2022 (Astral White, 64 GB)",4.2,"3,484 Ratings ", 237 Reviews,"₹12,900","₹14,999"
811,"itel A23S (Ocean Blue, 32 GB)",3.6,211 Ratings , 14 Reviews,"₹4,649","₹5,999"
812,"vivo Y16 (Drizzling Gold, 128 GB)",4.3,"2,118 Ratings ", 125 Reviews,"₹13,499","₹16,999"
813,"Infinix Note 12 TURBO (Jewel Blue, 128 GB)",4.2,"8,524 Ratings "," 1,051 Reviews","₹13,999","₹19,999"
814,"Nokia C01 Plus (Blue, 32 GB)",3.8,"4,944 Ratings ", 430 Reviews,"₹6,099","₹7,999"
815,"Nokia C01 Plus (Grey, 16 GB)",3.8,"4,944 Ratings ", 430 Reviews,"₹5,049","₹7,499"
816,"Infinix Hot 11 (Silver Wave, 64 GB)",4.3,"16,361 Ratings "," 1,383 Reviews","₹9,999","₹11,999"
817,Nokia 215 4G DS 2020,3.8,"2,940 Ratings ", 286 Reviews,"₹3,699","₹3,799"
818,"SAMSUNG Galaxy A13 (Black, 128 GB)",4.2,417 Ratings , 20 Reviews,"₹16,499","₹20,990"
819,"itel A27 (Silver Purple, 32 GB)",4,923 Ratings , 62 Reviews,"₹5,181","₹6,999"
820,"itel A27 (Deep Grey, 32 GB)",4,923 Ratings , 62 Reviews,"₹5,499","₹6,999"
821,"vivo T1 44W (Ice Dawn, 128 GB)",4.3,"6,734 Ratings ", 527 Reviews,"₹17,999","₹23,990"
822,"Tecno Camon 19 (Memphis Green, 128 GB)",4.2,549 Ratings , 52 Reviews,"₹13,949","₹18,499"
823,"vivo Z1x (Fusion Blue, 128 GB)",4.5,"12,765 Ratings "," 1,530 Reviews","₹15,049","₹18,999"
824,"SAMSUNG Galaxy M32 Prime Edition (Light Blue, 128 GB)",4.2,215 Ratings , 25 Reviews,"₹16,990","₹18,999"
825,"itel A25 New (Starry Black, 16 GB)",,,,"₹4,299","₹5,999"
826,"Infinix HOT 12 Play (Daylight Green, 64 GB)",4.3,"1,16,201 Ratings "," 8,415 Reviews","₹8,999","₹11,999"
827,"Infinix HOT 12 Play (Horizon Blue, 64 GB)",4.3,"1,16,201 Ratings "," 8,415 Reviews","₹8,999","₹11,999"
828,"Infinix HOT 12 Play (Racing Black, 64 GB)",4.3,"1,16,201 Ratings "," 8,415 Reviews","₹8,999","₹11,999"
829,"vivo Y73 (Roman Black, 128 GB)",4.4,"10,061 Ratings ", 891 Reviews,"₹17,490","₹24,990"
830,"Infinix Hot 12 Pro (Halo White, 64 GB)",4.2,"10,662 Ratings ", 628 Reviews,"₹9,999","₹13,999"
831,"itel A23S (Sky Cyan, 32 GB)",3.6,211 Ratings , 14 Reviews,"₹4,649","₹5,999"
832,"Nokia 105 DS (Blue, 4 MB)",4.2,"18,190 Ratings "," 1,806 Reviews","₹1,599",
833,"Tecno Pova Neo (Geek Blue, 128 GB)",4.1,860 Ratings , 60 Reviews,"₹10,784","₹15,499"
834,"Tecno Spark 9T (Atlantic Blue, 64 GB)",4.3,205 Ratings , 20 Reviews,"₹8,987","₹10,999"
835,"vivo Y21T (Pearl White, 128 GB)",4.4,"1,685 Ratings ", 113 Reviews,"₹15,499","₹19,990"
836,"vivo Y1s (Aurora Blue, 32 GB)",4.3,"1,770 Ratings ", 112 Reviews,"₹9,829","₹11,990"
837,"vivo T1X (Space Blue, 128 GB)",4.4,"5,149 Ratings ", 314 Reviews,"₹14,999","₹18,990"
838,"vivo T1X (Gravity Black, 128 GB)",4.4,"5,149 Ratings ", 314 Reviews,"₹14,999","₹18,990"
839,"Infinix Hot 12 Pro (Electric Blue, 64 GB)",4.2,"10,662 Ratings ", 628 Reviews,"₹9,999","₹13,999"
840,"vivo T1X (Space Blue, 64 GB)",4.5,"90,647 Ratings "," 5,037 Reviews","₹16,990",
841,"vivo Y1s (Aurora Blue, 32 GB)",4.3,"1,770 Ratings ", 112 Reviews,"₹9,829","₹11,990"
842,"Infinix Hot 12 Pro (Electric Blue, 64 GB)",4.2,"10,662 Ratings ", 628 Reviews,"₹9,999","₹13,999"
843,"REDMI 12c (Matte Black, 128 GB)",4.1,111 Ratings , 9 Reviews,"₹10,959","₹15,999"
844,"itel A25 New (Crystal Blue, 16 GB)",,,,"₹4,299","₹5,999"
845,"vivo Y21T (Midnight Blue, 128 GB)",4.4,"1,685 Ratings ", 113 Reviews,"₹15,499","₹19,990"
846,"realme C31 (Light Silver, 32 GB)",4.5,"47,732 Ratings "," 1,868 Reviews","₹9,299","₹10,999"
847,"realme C31 (Dark Green, 32 GB)",4.5,"47,732 Ratings "," 1,868 Reviews","₹9,299","₹10,999"
848,"vivo Y02 (Cosmic Grey, 32 GB)",4.3,507 Ratings , 20 Reviews,"₹12,999",
849,"vivo Y02 (Orchid Blue, 32 GB)",4.3,507 Ratings , 20 Reviews,"₹12,999",
850,"REDMI 12c (Royal Blue, 128 GB)",4.1,111 Ratings , 9 Reviews,"₹10,940","₹15,999"
851,"Infinix Hot 12 Pro (Lightsaber Green, 128 GB)",4,"5,126 Ratings ", 423 Reviews,"₹12,999","₹15,999"
852,"Infinix Hot 12 Pro (Lightsaber Green, 64 GB)",4.2,"10,662 Ratings ", 628 Reviews,"₹9,999","₹13,999"
853,"LAVA Z61 (Black, 16 GB)",4.1,"3,682 Ratings ", 393 Reviews,"₹4,040","₹6,500"
854,"SAMSUNG GALAXY M13 (Stardust Brown, 64 GB)",4.2,"3,231 Ratings ", 195 Reviews,"₹10,852","₹14,999"
855,"realme C31 (Light Silver, 64 GB)",4.4,"64,660 Ratings "," 3,022 Reviews","₹9,999","₹11,999"
856,"SAMSUNG Galaxy A03 (Black, 32 GB)",4.1,866 Ratings , 52 Reviews,"₹8,400","₹12,999"
857,"Tecno Spark 9T (Turquoise Cyan, 64 GB)",4.3,205 Ratings , 20 Reviews,"₹9,249","₹10,999"
858,"SAMSUNG Galaxy A23 (Black, 128 GB)",4.3,542 Ratings , 35 Reviews,"₹18,790","₹25,490"
859,"SAMSUNG Galaxy A04e (Copper, 64 GB)",4.4,53 Ratings , 4 Reviews,"₹9,999","₹11,999"
860,"OPPO A15 (Dynamic Black, 32 GB)",4.3,"2,159 Ratings ", 117 Reviews,"₹9,490","₹12,990"
861,"vivo Y12G (Phantom Black, 64 GB)",4.3,"4,596 Ratings ", 340 Reviews,"₹11,780","₹14,990"
862,"Infinix Note 11s Free Fire Edition (Mithril Grey, 128 GB)",4.3,"8,054 Ratings "," 1,038 Reviews","₹15,999","₹18,999"
863,"SAMSUNG Galaxy A13 (Peach, 128 GB)",4.2,417 Ratings , 20 Reviews,"₹16,499","₹20,990"
